name,name_alphabet,code,yomigana,prefecture_id
札幌市中央区,chuoku,11011,ｻｯﾎﾟﾛｼﾁｭｳｵｳｸ,1
札幌市北区,kitaku,11029,ｻｯﾎﾟﾛｼｷﾀｸ,1
札幌市東区,higashiku,11037,ｻｯﾎﾟﾛｼﾋｶﾞｼｸ,1
札幌市白石区,shiroishiku,11045,ｻｯﾎﾟﾛｼｼﾛｲｼｸ,1
札幌市豊平区,toyohiraku,11053,ｻｯﾎﾟﾛｼﾄﾖﾋﾗｸ,1
札幌市南区,minamiku,11061,ｻｯﾎﾟﾛｼﾐﾅﾐｸ,1
札幌市西区,nishiku,11070,ｻｯﾎﾟﾛｼﾆｼｸ,1
札幌市厚別区,atsubetsu,11088,ｻｯﾎﾟﾛｼｱﾂﾍﾞﾂｸ,1
札幌市手稲区,teineku,11096,ｻｯﾎﾟﾛｼﾃｲﾈｸ,1
札幌市清田区,kiyotaku,11100,ｻｯﾎﾟﾛｼｷﾖﾀｸ,1
函館市,hakodate,12025,ﾊｺﾀﾞﾃｼ,1
小樽市,otaru,12033,ｵﾀﾙｼ,1
旭川市,asahikawa,12041,ｱｻﾋｶﾜｼ,1
室蘭市,muroran,12050,ﾑﾛﾗﾝｼ,1
釧路市,kushiro_1,12068,ｸｼﾛｼ,1
帯広市,obihiro,12076,ｵﾋﾞﾋﾛｼ,1
北見市,kitami,12084,ｷﾀﾐｼ,1
夕張市,yubari,12092,ﾕｳﾊﾞﾘｼ,1
岩見沢市,iwamizawa,12106,ｲﾜﾐｻﾞﾜｼ,1
網走市,abashiri,12114,ｱﾊﾞｼﾘｼ,1
留萌市,rumoi,12122,ﾙﾓｲｼ,1
苫小牧市,tomakomai,12131,ﾄﾏｺﾏｲｼ,1
稚内市,wakkanai,12149,ﾜｯｶﾅｲｼ,1
美唄市,bibai,12157,ﾋﾞﾊﾞｲｼ,1
芦別市,ashibetsu,12165,ｱｼﾍﾞﾂｼ,1
江別市,ebetsu,12173,ｴﾍﾞﾂｼ,1
赤平市,akahira,12181,ｱｶﾋﾞﾗｼ,1
紋別市,monbetsu,12190,ﾓﾝﾍﾞﾂｼ,1
士別市,sibetsu,12203,ｼﾍﾞﾂｼ,1
名寄市,nayoro,12211,ﾅﾖﾛｼ,1
三笠市,mikasa,12220,ﾐｶｻｼ,1
根室市,nemuro,12238,ﾈﾑﾛｼ,1
千歳市,chitose,12246,ﾁﾄｾｼ,1
滝川市,takikawa,12254,ﾀｷｶﾜｼ,1
砂川市,sunagawa,12262,ｽﾅｶﾞﾜｼ,1
歌志内市,utashinai,12271,ｳﾀｼﾅｲｼ,1
深川市,fukagawa,12289,ﾌｶｶﾞﾜｼ,1
富良野市,furano,12297,ﾌﾗﾉｼ,1
登別市,noboribetsu,12301,ﾉﾎﾞﾘﾍﾞﾂｼ,1
恵庭市,eniwa,12319,ｴﾆﾜｼ,1
伊達市,date,12335,ﾀﾞﾃｼ,1
北広島市,kitahiroshima,12343,ｷﾀﾋﾛｼﾏｼ,1
石狩市,ishikari,12351,ｲｼｶﾘｼ,1
北斗市,hokuto,12360,ﾎｸﾄｼ,1
当別町,toubetsu,13030,ﾄｳﾍﾞﾂﾁｮｳ,1
新篠津村,shinshinotsu,13048,ｼﾝｼﾉﾂﾑﾗ,1
松前町,matsumae,13315,ﾏﾂﾏｴﾁｮｳ,1
福島町,fukushima,13323,ﾌｸｼﾏﾁｮｳ,1
知内町,shiriuchi,13331,ｼﾘｳﾁﾁｮｳ,1
木古内町,kikonaicho,13340,ｷｺﾅｲﾁｮｳ,1
七飯町,nanae,13374,ﾅﾅｴﾁｮｳ,1
鹿部町,shikabe,13439,ｼｶﾍﾞﾁｮｳ,1
森町,mori,13455,ﾓﾘﾏﾁ,1
八雲町,yakumo,13463,ﾔｸﾓﾁｮｳ,1
長万部町,oshamambe,13471,ｵｼｬﾏﾝﾍﾞﾁｮｳ,1
江差町,esashi_1,13617,ｴｻｼﾁｮｳ,1
上ノ国町,kaminokuni,13625,ｶﾐﾉｸﾆﾁｮｳ,1
厚沢部町,assabu,13633,ｱｯｻﾌﾞﾁｮｳ,1
乙部町,otobe,13641,ｵﾄﾍﾞﾁｮｳ,1
奥尻町,okushiri,13676,ｵｸｼﾘﾁｮｳ,1
今金町,imagane,13706,ｲﾏｶﾈﾁｮｳ,1
せたな町,senata,13714,ｾﾀﾅﾁｮｳ,1
島牧村,shimamaki,13919,ｼﾏﾏｷﾑﾗ,1
寿都町,suttu,13927,ｽｯﾂﾁｮｳ,1
黒松内町,kuromatsunai,13935,ｸﾛﾏﾂﾅｲﾁｮｳ,1
蘭越町,rankoshi,13943,ﾗﾝｺｼﾁｮｳ,1
ニセコ町,niseko,13951,ﾆｾｺﾁｮｳ,1
真狩村,makkari,13960,ﾏｯｶﾘﾑﾗ,1
留寿都村,rusutsu,13978,ﾙｽﾂﾑﾗ,1
喜茂別町,kimobetsu,13986,ｷﾓﾍﾞﾂﾁｮｳ,1
京極町,kyogoku,13994,ｷｮｳｺﾞｸﾁｮｳ,1
倶知安町,kutchan,14001,ｸｯﾁｬﾝﾁｮｳ,1
共和町,kyowa,14010,ｷｮｳﾜﾁｮｳ,1
岩内町,iwanai,14028,ｲﾜﾅｲﾁｮｳ,1
泊村,tomari,14036,ﾄﾏﾘﾑﾗ,1
神恵内村,kamoenai,14044,ｶﾓｴﾅｲﾑﾗ,1
積丹町,shakotan,14052,ｼｬｺﾀﾝﾁｮｳ,1
古平町,furubira,14061,ﾌﾙﾋﾞﾗﾁｮｳ,1
仁木町,niki,14079,ﾆｷﾁｮｳ,1
余市町,yoichi,14087,ﾖｲﾁﾁｮｳ,1
赤井川村,akaigawa,14095,ｱｶｲｶﾞﾜﾑﾗ,1
南幌町,nanporo,14231,ﾅﾝﾎﾟﾛﾁｮｳ,1
奈井江町,naie,14249,ﾅｲｴﾁｮｳ,1
上砂川町,kamisunagawa,14257,ｶﾐｽﾅｶﾞﾜﾁｮｳ,1
由仁町,yuni,14273,ﾕﾆﾁｮｳ,1
長沼町,naganuma,14281,ﾅｶﾞﾇﾏﾁｮｳ,1
栗山町,kuriyama,14290,ｸﾘﾔﾏﾁｮｳ,1
月形町,tsukigata,14303,ﾂｷｶﾞﾀﾁｮｳ,1
浦臼町,urausu,14311,ｳﾗｳｽﾁｮｳ,1
新十津川町,shintotsukawa,14320,ｼﾝﾄﾂｶﾜﾁｮｳ,1
妹背牛町,moseushi,14338,ﾓｾｳｼﾁｮｳ,1
秩父別町,chippubetsu,14346,ﾁｯﾌﾟﾍﾞﾂﾁｮｳ,1
雨竜町,uryu,14362,ｳﾘｭｳﾁｮｳ,1
北竜町,hokuryu,14371,ﾎｸﾘｭｳﾁｮｳ,1
沼田町,numata,14389,ﾇﾏﾀﾁｮｳ,1
鷹栖町,takasu,14524,ﾀｶｽﾁｮｳ,1
東神楽町,higashikagura,14532,ﾋｶﾞｼｶｸﾞﾗﾁｮｳ,1
当麻町,tohma,14541,ﾄｳﾏﾁｮｳ,1
比布町,pippu,14559,ﾋﾟｯﾌﾟﾁｮｳ,1
愛別町,aibetsu,14567,ｱｲﾍﾞﾂﾁｮｳ,1
上川町,kamikawa,14575,ｶﾐｶﾜﾁｮｳ,1
東川町,higashikawa,14583,ﾋｶﾞｼｶﾜﾁｮｳ,1
美瑛町,biei,14591,ﾋﾞｴｲﾁｮｳ,1
上富良野町,kamifurano,14605,ｶﾐﾌﾗﾉﾁｮｳ,1
中富良野町,nakafurano,14613,ﾅｶﾌﾗﾉﾁｮｳ,1
南富良野町,minamifurano,14621,ﾐﾅﾐﾌﾗﾉﾁｮｳ,1
占冠村,shimukappu,14630,ｼﾑｶｯﾌﾟﾑﾗ,1
和寒町,wassamu,14648,ﾜｯｻﾑﾁｮｳ,1
剣淵町,kenbunchi,14656,ｹﾝﾌﾞﾁﾁｮｳ,1
下川町,shimokawa,14681,ｼﾓｶﾜﾁｮｳ,1
美深町,bifuka,14699,ﾋﾞﾌｶﾁｮｳ,1
音威子府村,otoineppu,14702,ｵﾄｲﾈｯﾌﾟﾑﾗ,1
中川町,nakagawa,14711,ﾅｶｶﾞﾜﾁｮｳ,1
幌加内町,horokanai,14729,ﾎﾛｶﾅｲﾁｮｳ,1
増毛町,mashike,14818,ﾏｼｹﾁｮｳ,1
小平町,obira,14826,ｵﾋﾞﾗﾁｮｳ,1
苫前町,tomamae,14834,ﾄﾏﾏｴﾁｮｳ,1
羽幌町,haboro,14842,ﾊﾎﾞﾛﾁｮｳ,1
初山別村,shosanbetsu,14851,ｼｮｻﾝﾍﾞﾂﾑﾗ,1
遠別町,embetsu,14869,ｴﾝﾍﾞﾂﾁｮｳ,1
天塩町,teshio,14877,ﾃｼｵﾁｮｳ,1
猿払村,sarufutsu,15113,ｻﾙﾌﾂﾑﾗ,1
浜頓別町,hamatonbetsu,15121,ﾊﾏﾄﾝﾍﾞﾂﾁｮｳ,1
中頓別町,nakatombetsu,15130,ﾅｶﾄﾝﾍﾞﾂﾁｮｳ,1
枝幸町,esashi_2,15148,ｴｻｼﾁｮｳ,1
豊富町,toyotomi,15164,ﾄﾖﾄﾐﾁｮｳ,1
礼文町,rebun,15172,ﾚﾌﾞﾝﾁｮｳ,1
利尻町,rishiri,15181,ﾘｼﾘﾁｮｳ,1
利尻富士町,rishirifuji,15199,ﾘｼﾘﾌｼﾞﾁｮｳ,1
幌延町,horonobe,15202,ﾎﾛﾉﾍﾞﾁｮｳ,1
美幌町,bihoro,15431,ﾋﾞﾎﾛﾁｮｳ,1
津別町,tsubetsu,15440,ﾂﾍﾞﾂﾁｮｳ,1
斜里町,shari,15458,ｼｬﾘﾁｮｳ,1
清里町,kiyosato,15466,ｷﾖｻﾄﾁｮｳ,1
小清水町,koshimizu,15474,ｺｼﾐｽﾞﾁｮｳ,1
訓子府町,kunneppu,15491,ｸﾝﾈｯﾌﾟﾁｮｳ,1
置戸町,oketo,15504,ｵｹﾄﾁｮｳ,1
佐呂間町,saroma,15521,ｻﾛﾏﾁｮｳ,1
遠軽町,engaru,15555,ｴﾝｶﾞﾙﾁｮｳ,1
湧別町,yubetsu,15598,ﾕｳﾍﾞﾂﾁｮｳ,1
滝上町,takinoue,15601,ﾀｷﾉｳｴﾁｮｳ,1
興部町,okoppe,15610,ｵｺｯﾍﾟﾁｮｳ,1
西興部村,nishiokoppe,15628,ﾆｼｵｺｯﾍﾟﾑﾗ,1
雄武町,oumu,15636,ｵｳﾑﾁｮｳ,1
大空町,ozora,15644,ｵｵｿﾞﾗﾁｮｳ,1
豊浦町,toyoura,15717,ﾄﾖｳﾗﾁｮｳ,1
壮瞥町,sobetsu,15750,ｿｳﾍﾞﾂﾁｮｳ,1
白老町,shiraoi,15784,ｼﾗｵｲﾁｮｳ,1
厚真町,atsuma,15814,ｱﾂﾏﾁｮｳ,1
洞爺湖町,toyako,15849,ﾄｳﾔｺﾁｮｳ,1
安平町,abira,15857,ｱﾋﾞﾗﾁｮｳ,1
むかわ町,mukawa,15865,ﾑｶﾜﾁｮｳ,1
日高町,hidaka,16012,ﾋﾀﾞｶﾁｮｳ,1
平取町,biratori,16021,ﾋﾞﾗﾄﾘﾁｮｳ,1
新冠町,niikappu,16047,ﾆｲｶｯﾌﾟﾁｮｳ,1
浦河町,urakawa,16071,ｳﾗｶﾜﾁｮｳ,1
様似町,samani,16080,ｻﾏﾆﾁｮｳ,1
えりも町,erimo,16098,ｴﾘﾓﾁｮｳ,1
新ひだか町,shinhidaka,16101,ｼﾝﾋﾀﾞｶﾁｮｳ,1
音更町,otofuke,16314,ｵﾄﾌｹﾁｮｳ,1
士幌町,shihoro,16322,ｼﾎﾛﾁｮｳ,1
上士幌町,kamishihoro,16331,ｶﾐｼﾎﾛﾁｮｳ,1
鹿追町,shikaoi,16349,ｼｶｵｲﾁｮｳ,1
新得町,shintoku,16357,ｼﾝﾄｸﾁｮｳ,1
清水町,shimizu,16365,ｼﾐｽﾞﾁｮｳ,1
芽室町,memuro,16373,ﾒﾑﾛﾁｮｳ,1
中札内村,nakasatsunai,16381,ﾅｶｻﾂﾅｲﾑﾗ,1
更別村,sarabetsu,16390,ｻﾗﾍﾞﾂﾑﾗ,1
大樹町,taiki,16411,ﾀｲｷﾁｮｳ,1
広尾町,hiroo,16420,ﾋﾛｵﾁｮｳ,1
幕別町,makubetsu,16438,ﾏｸﾍﾞﾂﾁｮｳ,1
池田町,ikeda,16446,ｲｹﾀﾞﾁｮｳ,1
豊頃町,toyokoro,16454,ﾄﾖｺﾛﾁｮｳ,1
本別町,honbetsu,16462,ﾎﾝﾍﾞﾂﾁｮｳ,1
足寄町,ashoro,16471,ｱｼｮﾛﾁｮｳ,1
陸別町,rikubetsu,16489,ﾘｸﾍﾞﾂﾁｮｳ,1
浦幌町,urahoro,16497,ｳﾗﾎﾛﾁｮｳ,1
釧路町,kushiro_2,16616,ｸｼﾛﾁｮｳ,1
厚岸町,akkeshi,16624,ｱｯｹｼﾁｮｳ,1
浜中町,hamanaka,16632,ﾊﾏﾅｶﾁｮｳ,1
標茶町,shibecha,16641,ｼﾍﾞﾁｬﾁｮｳ,1
弟子屈町,teshikaga,16659,ﾃｼｶｶﾞﾁｮｳ,1
鶴居村,tsurui,16675,ﾂﾙｲﾑﾗ,1
白糠町,shiranuka,16683,ｼﾗﾇｶﾁｮｳ,1
別海町,betsukai,16918,ﾍﾞﾂｶｲﾁｮｳ,1
中標津町,nakashibetsu,16926,ﾅｶｼﾍﾞﾂﾁｮｳ,1
標津町,shibetsu,16934,ｼﾍﾞﾂﾁｮｳ,1
羅臼町,rausu,16942,ﾗｳｽﾁｮｳ,1
青森市,aomotri,22012,ｱｵﾓﾘｼ,2
弘前市,hirosaki,22021,ﾋﾛｻｷｼ,2
八戸市,hachinohe,22039,ﾊﾁﾉﾍｼ,2
黒石市,kuroishi,22047,ｸﾛｲｼｼ,2
五所川原市,goshogawara,22055,ｺﾞｼｮｶﾞﾜﾗｼ,2
十和田市,towada,22063,ﾄﾜﾀﾞｼ,2
三沢市,misawa,22071,ﾐｻﾜｼ,2
むつ市,mutsu,22080,ﾑﾂｼ,2
つがる市,tsugaru,22098,ﾂｶﾞﾙｼ,2
平川市,hirakawa,22101,ﾋﾗｶﾜｼ,2
平内町,hiranai,23019,ﾋﾗﾅｲﾏﾁ,2
今別町,imabetsu,23035,ｲﾏﾍﾞﾂﾏﾁ,2
蓬田村,yomogita,23043,ﾖﾓｷﾞﾀﾑﾗ,2
外ヶ浜町,sotogahama,23078,ｿﾄｶﾞﾊﾏﾏﾁ,2
鰺ヶ沢町,ajigasawa,23213,ｱｼﾞｶﾞｻﾜﾏﾁ,2
深浦町,fukaura,23230,ﾌｶｳﾗﾏﾁ,2
西目屋村,nishimeya,23434,ﾆｼﾒﾔﾑﾗ,2
藤崎町,fujisaki,23612,ﾌｼﾞｻｷﾏﾁ,2
大鰐町,owani,23621,ｵｵﾜﾆﾏﾁ,2
田舎館村,inakadate,23671,ｲﾅｶﾀﾞﾃﾑﾗ,2
板柳町,itayanagi,23817,ｲﾀﾔﾅｷﾞﾏﾁ,2
鶴田町,tsuruta,23841,ﾂﾙﾀﾏﾁ,2
中泊町,nakadomari,23876,ﾅｶﾄﾞﾏﾘﾏﾁ,2
野辺地町,noheji,24015,ﾉﾍｼﾞﾏﾁ,2
七戸町,shichinohe,24023,ｼﾁﾉﾍﾏﾁ,2
六戸町,rokunohe,24058,ﾛｸﾉﾍﾏﾁ,2
横浜町,yokohama,24066,ﾖｺﾊﾏﾏﾁ,2
東北町,tohoku,24082,ﾄｳﾎｸﾏﾁ,2
六ヶ所村,rokkasho,24112,ﾛｯｶｼｮﾑﾗ,2
おいらせ町,oirase,24121,ｵｲﾗｾﾁｮｳ,2
大間町,ooma,24236,ｵｵﾏﾏﾁ,2
東通村,higashidoori,24244,ﾋｶﾞｼﾄﾞｵﾘﾑﾗ,2
風間浦村,kazamaura,24252,ｶｻﾞﾏｳﾗﾑﾗ,2
佐井村,sai,24261,ｻｲﾑﾗ,2
三戸町,sannohe,24414,ｻﾝﾉﾍﾏﾁ,2
五戸町,gonohe,24422,ｺﾞﾉﾍﾏﾁ,2
田子町,takko,24431,ﾀｯｺﾏﾁ,2
南部町,nanbu,24457,ﾅﾝﾌﾞﾁｮｳ,2
階上町,hashikami,24465,ﾊｼｶﾐﾁｮｳ,2
新郷村,shingo,24503,ｼﾝｺﾞｳﾑﾗ,2
盛岡市,morioka,32018,ﾓﾘｵｶｼ,3
宮古市,miyako,32026,ﾐﾔｺｼ,3
大船渡市,ofunato,32034,ｵｵﾌﾅﾄｼ,3
花巻市,hanamaki,32051,ﾊﾅﾏｷｼ,3
北上市,kitakami,32069,ｷﾀｶﾐｼ,3
久慈市,kuji,32077,ｸｼﾞｼ,3
遠野市,tono,32085,ﾄｵﾉｼ,3
一関市,ichinoseki,32093,ｲﾁﾉｾｷｼ,3
陸前高田市,rikuzentakata,32107,ﾘｸｾﾞﾝﾀｶﾀｼ,3
釜石市,kamaishi,32115,ｶﾏｲｼｼ,3
二戸市,ninohe,32131,ﾆﾉﾍｼ,3
八幡平市,hachimantai,32140,ﾊﾁﾏﾝﾀｲｼ,3
奥州市,oshu,32158,ｵｳｼｭｳｼ,3
滝沢市,takizawa,32166,ﾀｷｻﾞﾜｼ,3
雫石町,shizukuishi,33014,ｼｽﾞｸｲｼﾁｮｳ,3
葛巻町,kuzumaki,33022,ｸｽﾞﾏｷﾏﾁ,3
岩手町,iwate,33031,ｲﾜﾃﾏﾁ,3
紫波町,shiwa,33219,ｼﾜﾁｮｳ,3
矢巾町,yahaba,33227,ﾔﾊﾊﾞﾁｮｳ,3
西和賀町,nishiwaga,33669,ﾆｼﾜｶﾞﾏﾁ,3
金ケ崎町,kanegasaki,33812,ｶﾈｶﾞｻｷﾁｮｳ,3
平泉町,hiraizumi,34029,ﾋﾗｲｽﾞﾐﾁｮｳ,3
住田町,sumita,34410,ｽﾐﾀﾁｮｳ,3
大槌町,otsuchi,34614,ｵｵﾂﾁﾁｮｳ,3
山田町,yamada,34827,ﾔﾏﾀﾞﾏﾁ,3
岩泉町,iwaizumi,34835,ｲﾜｲｽﾞﾐﾁｮｳ,3
田野畑村,tanohata,34843,ﾀﾉﾊﾀﾑﾗ,3
普代村,fudai,34851,ﾌﾀﾞｲﾑﾗ,3
軽米町,karumai,35017,ｶﾙﾏｲﾏﾁ,3
野田村,noda,35033,ﾉﾀﾞﾑﾗ,3
九戸村,kunohe,35068,ｸﾉﾍﾑﾗ,3
洋野町,hirono,35076,ﾋﾛﾉﾁｮｳ,3
一戸町,ichinohe,35246,ｲﾁﾉﾍﾏﾁ,3
仙台市青葉区,sendai-aobaku,41017,ｾﾝﾀﾞｲｼｱｵﾊﾞｸ,4
仙台市宮城野区,sendai-miyaginoku,41025,ｾﾝﾀﾞｲｼﾐﾔｷﾞﾉｸ,4
仙台市若林区,sendai-wakabayashiku,41033,ｾﾝﾀﾞｲｼﾜｶﾊﾞﾔｼｸ,4
仙台市太白区,sendai-taihakuku,41041,ｾﾝﾀﾞｲｼﾀｲﾊｸｸ,4
仙台市泉区,sendai-izumiku,41050,ｾﾝﾀﾞｲｼｲｽﾞﾐｸ,4
石巻市,ishinomaki,42021,ｲｼﾉﾏｷｼ,4
塩竈市,shiogama,42030,ｼｵｶﾞﾏｼ,4
気仙沼市,kesennuma,42056,ｹｾﾝﾇﾏｼ,4
白石市,shiroishi,42064,ｼﾛｲｼｼ,4
名取市,natori,42072,ﾅﾄﾘｼ,4
角田市,kakuda,42081,ｶｸﾀﾞｼ,4
多賀城市,tagajo,42099,ﾀｶﾞｼﾞｮｳｼ,4
岩沼市,iwanuma,42111,ｲﾜﾇﾏｼ,4
登米市,tome,42129,ﾄﾒｼ,4
栗原市,kurihara,42137,ｸﾘﾊﾗｼ,4
東松島市,higashimatsushima,42145,ﾋｶﾞｼﾏﾂｼﾏｼ,4
大崎市,osaki,42153,ｵｵｻｷｼ,4
富谷市,tomiya,42161,ﾄﾐﾔｼ,4
蔵王町,zao,43010,ｻﾞｵｳﾏﾁ,4
七ヶ宿町,shichikashuku,43028,ｼﾁｶｼｭｸﾏﾁ,4
大河原町,ogawara,43214,ｵｵｶﾞﾜﾗﾏﾁ,4
村田町,murata,43222,ﾑﾗﾀﾏﾁ,4
柴田町,shibata,43231,ｼﾊﾞﾀﾏﾁ,4
川崎町,kawasaki,43249,ｶﾜｻｷﾏﾁ,4
丸森町,marumori,43419,ﾏﾙﾓﾘﾏﾁ,4
亘理町,watari,43613,ﾜﾀﾘﾁｮｳ,4
山元町,yamamot,43621,ﾔﾏﾓﾄﾁｮｳ,4
松島町,matsushima,44016,ﾏﾂｼﾏﾏﾁ,4
七ヶ浜町,shichigahama,44041,ｼﾁｶﾞﾊﾏﾏﾁ,4
利府町,rifu,44067,ﾘﾌﾁｮｳ,4
大和町,taiwa,44211,ﾀｲﾜﾁｮｳ,4
大郷町,osato,44229,ｵｵｻﾄﾁｮｳ,4
大衡村,ohira,44245,ｵｵﾋﾗﾑﾗ,4
色麻町,shikama,44440,ｼｶﾏﾁｮｳ,4
加美町,kami,44458,ｶﾐﾏﾁ,4
涌谷町,wakuya,45012,ﾜｸﾔﾁｮｳ,4
美里町,misato,45055,ﾐｻﾄﾏﾁ,4
女川町,onagawa,45811,ｵﾅｶﾞﾜﾁｮｳ,4
南三陸町,minamisanriku,46060,ﾐﾅﾐｻﾝﾘｸﾁｮｳ,4
秋田市,akita,52019,ｱｷﾀｼ,5
能代市,noshiro,52027,ﾉｼﾛｼ,5
横手市,yokote,52035,ﾖｺﾃｼ,5
大館市,odate,52043,ｵｵﾀﾞﾃｼ,5
男鹿市,oga,52060,ｵｶﾞｼ,5
湯沢市,yuzawa,52078,ﾕｻﾞﾜｼ,5
鹿角市,kazuno,52094,ｶﾂﾞﾉｼ,5
由利本荘市,yurihonjo,52108,ﾕﾘﾎﾝｼﾞｮｳｼ,5
潟上市,katagami,52116,ｶﾀｶﾞﾐｼ,5
大仙市,daisen,52124,ﾀﾞｲｾﾝｼ,5
北秋田市,kitaakita,52132,ｷﾀｱｷﾀｼ,5
にかほ市,nikaho,52141,ﾆｶﾎｼ,5
仙北市,semboku,52159,ｾﾝﾎﾞｸｼ,5
小坂町,kosaka,53031,ｺｻｶﾏﾁ,5
上小阿仁村,kamikoani,53279,ｶﾐｺｱﾆﾑﾗ,5
藤里町,fujisato,53465,ﾌｼﾞｻﾄﾏﾁ,5
三種町,mitane,53481,ﾐﾀﾈﾁｮｳ,5
八峰町,happou,53490,ﾊｯﾎﾟｳﾁｮｳ,5
五城目町,gojome,53619,ｺﾞｼﾞｮｳﾒﾏﾁ,5
八郎潟町,hachirogata,53635,ﾊﾁﾛｳｶﾞﾀﾏﾁ,5
井川町,ikawa,53660,ｲｶﾜﾏﾁ,5
大潟村,ogata,53686,ｵｵｶﾞﾀﾑﾗ,5
美郷町,misato,54348,ﾐｻﾄﾁｮｳ,5
羽後町,ugo,54631,ｳｺﾞﾏﾁ,5
東成瀬村,higashinaruse,54640,ﾋｶﾞｼﾅﾙｾﾑﾗ,5
山形市,yamagata,62014,ﾔﾏｶﾞﾀｼ,6
米沢市,yonezawa,62022,ﾖﾈｻﾞﾜｼ,6
鶴岡市,tsuruoka,62031,ﾂﾙｵｶｼ,6
酒田市,sakata,62049,ｻｶﾀｼ,6
新庄市,shinjo,62057,ｼﾝｼﾞｮｳｼ,6
寒河江市,sagae,62065,ｻｶﾞｴｼ,6
上山市,kaminoyama,62073,ｶﾐﾉﾔﾏｼ,6
村山市,murayama,62081,ﾑﾗﾔﾏｼ,6
長井市,nagai,62090,ﾅｶﾞｲｼ,6
天童市,tendo,62103,ﾃﾝﾄﾞｳｼ,6
東根市,higashine,62111,ﾋｶﾞｼﾈｼ,6
尾花沢市,obanazawa,62120,ｵﾊﾞﾅｻﾞﾜｼ,6
南陽市,nanyo,62138,ﾅﾝﾖｳｼ,6
山辺町,yamanobe,63011,ﾔﾏﾉﾍﾞﾏﾁ,6
中山町,nakayama,63029,ﾅｶﾔﾏﾏﾁ,6
河北町,kahoku,63215,ｶﾎｸﾁｮｳ,6
西川町,nishikawa,63223,ﾆｼｶﾜﾏﾁ,6
朝日町,asahi,63231,ｱｻﾋﾏﾁ,6
大江町,oe,63240,ｵｵｴﾏﾁ,6
大石田町,oishida,63410,ｵｵｲｼﾀﾞﾏﾁ,6
金山町,kaneyama,63614,ｶﾈﾔﾏﾏﾁ,6
最上町,mogami,63622,ﾓｶﾞﾐﾏﾁ,6
舟形町,funagata,63631,ﾌﾅｶﾞﾀﾏﾁ,6
真室川町,mamurogawa,63649,ﾏﾑﾛｶﾞﾜﾏﾁ,6
大蔵村,ohkura,63657,ｵｵｸﾗﾑﾗ,6
鮭川村,sakegawa,63665,ｻｹｶﾞﾜﾑﾗ,6
戸沢村,tozawa,63673,ﾄｻﾞﾜﾑﾗ,6
高畠町,takahata,63819,ﾀｶﾊﾀﾏﾁ,6
川西町,kawanishi,63827,ｶﾜﾆｼﾏﾁ,6
小国町,oguni,64017,ｵｸﾞﾆﾏﾁ,6
白鷹町,shirataka,64025,ｼﾗﾀｶﾏﾁ,6
飯豊町,iide,64033,ｲｲﾃﾞﾏﾁ,6
三川町,mikawa,64262,ﾐｶﾜﾏﾁ,6
庄内町,shonai,64289,ｼﾖｳﾅｲﾏﾁ,6
遊佐町,yuza,64611,ﾕｻﾞﾏﾁ,6
福島市,fukushima,72010,ﾌｸｼﾏｼ,7
会津若松市,aizuwakamatsu,72028,ｱｲﾂﾞﾜｶﾏﾂｼ,7
郡山市,koriyama,72036,ｺｵﾘﾔﾏｼ,7
いわき市,iwaki,72044,ｲﾜｷｼ,7
白河市,shirakawa,72052,ｼﾗｶﾜｼ,7
須賀川市,sukagawa,72079,ｽｶｶﾞﾜｼ,7
喜多方市,kitakata,72087,ｷﾀｶﾀｼ,7
相馬市,soma,72095,ｿｳﾏｼ,7
二本松市,nihonmatsu,72109,ﾆﾎﾝﾏﾂｼ,7
田村市,tamura,72117,ﾀﾑﾗｼ,7
南相馬市,minamisoma,72125,ﾐﾅﾐｿｳﾏｼ,7
伊達市,date,72133,ﾀﾞﾃｼ,7
本宮市,motomiya,72141,ﾓﾄﾐﾔｼ,7
桑折町,koori,73016,ｺｵﾘﾏﾁ,7
国見町,kunimi,73032,ｸﾆﾐﾏﾁ,7
川俣町,kawamata,73083,ｶﾜﾏﾀﾏﾁ,7
大玉村,otama,73229,ｵｵﾀﾏﾑﾗ,7
鏡石町,kagamiishi,73423,ｶｶﾞﾐｲｼﾏﾁ,7
天栄村,tenei,73440,ﾃﾝｴｲﾑﾗ,7
下郷町,shimogo,73628,ｼﾓｺﾞｳﾏﾁ,7
檜枝岐村,hinoemata,73644,ﾋﾉｴﾏﾀﾑﾗ,7
只見町,tadami,73679,ﾀﾀﾞﾐﾏﾁ,7
南会津町,minamiaizu,73687,ﾐﾅﾐｱｲﾂﾞﾏﾁ,7
北塩原村,kitashiobara,74021,ｷﾀｼｵﾊﾞﾗﾑﾗ,7
西会津町,nishiaizu,74055,ﾆｼｱｲﾂﾞﾏﾁ,7
磐梯町,bandai,74071,ﾊﾞﾝﾀﾞｲﾏﾁ,7
猪苗代町,inawashiro,74080,ｲﾅﾜｼﾛﾏﾁ,7
会津坂下町,aizubange,74217,ｱｲﾂﾞﾊﾞﾝｹﾞﾏﾁ,7
湯川村,yugawa,74225,ﾕｶﾞﾜﾑﾗ,7
柳津町,yanaizu,74233,ﾔﾅｲﾂﾞﾏﾁ,7
三島町,mishima,74446,ﾐｼﾏﾏﾁ,7
金山町,kaneyama,74454,ｶﾈﾔﾏﾏﾁ,7
昭和村,showa,74462,ｼｮｳﾜﾑﾗ,7
会津美里町,aizumisato,74471,ｱｲﾂﾞﾐｻﾄﾏﾁ,7
西郷村,nishigo,74616,ﾆｼｺﾞｳﾑﾗ,7
泉崎村,izumizaki,74641,ｲｽﾞﾐｻﾞｷﾑﾗ,7
中島村,nakajima,74659,ﾅｶｼﾞﾏﾑﾗ,7
矢吹町,yabuki,74667,ﾔﾌﾞｷﾏﾁ,7
棚倉町,tanagura,74811,ﾀﾅｸﾞﾗﾏﾁ,7
矢祭町,yamatsuri,74829,ﾔﾏﾂﾘﾏﾁ,7
塙町,hanawa,74837,ﾊﾅﾜﾏﾁ,7
鮫川村,samegawa,74845,ｻﾒｶﾞﾜﾑﾗ,7
石川町,ishikawa,75019,ｲｼｶﾜﾏﾁ,7
玉川村,tamakawa,75027,ﾀﾏｶﾜﾑﾗ,7
平田村,hirata,75035,ﾋﾗﾀﾑﾗ,7
浅川町,asakawa,75043,ｱｻｶﾜﾏﾁ,7
古殿町,furudono,75051,ﾌﾙﾄﾞﾉﾏﾁ,7
三春町,miharu,75213,ﾐﾊﾙﾏﾁ,7
小野町,ono,75221,ｵﾉﾏﾁ,7
広野町,hirono,75418,ﾋﾛﾉﾏﾁ,7
楢葉町,naraha,75426,ﾅﾗﾊﾏﾁ,7
富岡町,tomioka,75434,ﾄﾐｵｶﾏﾁ,7
川内村,kawauchi,75442,ｶﾜｳﾁﾑﾗ,7
大熊町,okuma,75451,ｵｵｸﾏﾏﾁ,7
双葉町,futaba,75469,ﾌﾀﾊﾞﾏﾁ,7
浪江町,namie,75477,ﾅﾐｴﾏﾁ,7
葛尾村,katsurao,75485,ｶﾂﾗｵﾑﾗ,7
新地町,shinchi,75612,ｼﾝﾁﾏﾁ,7
飯舘村,iitate,75647,ｲｲﾀﾃﾑﾗ,7
水戸市,mito,82015,ﾐﾄｼ,8
日立市,hitachi,82023,ﾋﾀﾁｼ,8
土浦市,tsuchiura,82031,ﾂﾁｳﾗｼ,8
古河市,koga,82040,ｺｶﾞｼ,8
石岡市,ishioka,82058,ｲｼｵｶｼ,8
結城市,yuki,82074,ﾕｳｷｼ,8
龍ケ崎市,ryugasaki,82082,ﾘｭｳｶﾞｻｷｼ,8
下妻市,shimotsuma,82104,ｼﾓﾂﾏｼ,8
常総市,joso,82112,ｼﾞｮｳｿｳｼ,8
常陸太田市,hitachiota,82121,ﾋﾀﾁｵｵﾀｼ,8
高萩市,takahagi,82147,ﾀｶﾊｷﾞｼ,8
北茨城市,kitaibaraki,82155,ｷﾀｲﾊﾞﾗｷｼ,8
笠間市,kasama,82163,ｶｻﾏｼ,8
取手市,toride,82171,ﾄﾘﾃﾞｼ,8
牛久市,ushiku,82198,ｳｼｸｼ,8
つくば市,tsukuba,82201,ﾂｸﾊﾞｼ,8
ひたちなか市,hitachinaka,82210,ﾋﾀﾁﾅｶｼ,8
鹿嶋市,kashima,82228,ｶｼﾏｼ,8
潮来市,itako,82236,ｲﾀｺｼ,8
守谷市,moriya,82244,ﾓﾘﾔｼ,8
常陸大宮市,hitachiomiya,82252,ﾋﾀﾁｵｵﾐﾔｼ,8
那珂市,naka,82261,ﾅｶｼ,8
筑西市,chikusei,82279,ﾁｸｾｲｼ,8
坂東市,bando,82287,ﾊﾞﾝﾄﾞｳｼ,8
稲敷市,inashiki,82295,ｲﾅｼｷｼ,8
かすみがうら市,kasumigaura,82309,ｶｽﾐｶﾞｳﾗｼ,8
桜川市,sakuragawa,82317,ｻｸﾗｶﾞﾜｼ,8
神栖市,kamisu,82325,ｶﾐｽｼ,8
行方市,namegata,82333,ﾅﾒｶﾞﾀｼ,8
鉾田市,hokota,82341,ﾎｺﾀｼ,8
つくばみらい市,tsukubamirai,82350,ﾂｸﾊﾞﾐﾗｲｼ,8
小美玉市,omitama,82368,ｵﾐﾀﾏｼ,8
茨城町,iaraki,83020,ｲﾊﾞﾗｷﾏﾁ,8
大洗町,oarai,83097,ｵｵｱﾗｲﾏﾁ,8
城里町,shirosato,83101,ｼﾛｻﾄﾏﾁ,8
東海村,tokai,83411,ﾄｳｶｲﾑﾗ,8
大子町,daigo,83640,ﾀﾞｲｺﾞﾏﾁ,8
美浦村,miho,84425,ﾐﾎﾑﾗ,8
阿見町,ami,84433,ｱﾐﾏﾁ,8
河内町,kawachi,84476,ｶﾜﾁﾏﾁ,8
八千代町,yachiyo,85219,ﾔﾁﾖﾏﾁ,8
五霞町,goka,85421,ｺﾞｶﾏﾁ,8
境町,sakai,85464,ｻｶｲﾏﾁ,8
利根町,tone,85642,ﾄﾈﾏﾁ,8
宇都宮市,utsunomiya,92011,ｳﾂﾉﾐﾔｼ,9
足利市,ashikaga,92029,ｱｼｶｶﾞｼ,9
栃木市,tochigi,92037,ﾄﾁｷﾞｼ,9
佐野市,sano,92045,ｻﾉｼ,9
鹿沼市,kanuma,92053,ｶﾇﾏｼ,9
日光市,nikko,92061,ﾆｯｺｳｼ,9
小山市,oyama,92088,ｵﾔﾏｼ,9
真岡市,moka,92096,ﾓｵｶｼ,9
大田原市,ohtawara,92100,ｵｵﾀﾜﾗｼ,9
矢板市,yaita,92118,ﾔｲﾀｼ,9
那須塩原市,nasushiobara,92134,ﾅｽｼｵﾊﾞﾗｼ,9
さくら市,sakura,92142,ｻｸﾗｼ,9
那須烏山市,nasukarasuyama,92151,ﾅｽｶﾗｽﾔﾏｼ,9
下野市,shimotsuke,92169,ｼﾓﾂｹｼ,9
上三川町,kaminokawa,93017,ｶﾐﾉｶﾜﾏﾁ,9
益子町,mashiko,93424,ﾏｼｺﾏﾁ,9
茂木町,motegi,93432,ﾓﾃｷﾞﾏﾁ,9
市貝町,ichikai,93441,ｲﾁｶｲﾏﾁ,9
芳賀町,haga,93459,ﾊｶﾞﾏﾁ,9
壬生町,mibu,93611,ﾐﾌﾞﾏﾁ,9
野木町,nogi,93645,ﾉｷﾞﾏﾁ,9
塩谷町,shioya,93840,ｼｵﾔﾏﾁ,9
高根沢町,takanezawa,93866,ﾀｶﾈｻﾞﾜﾏﾁ,9
那須町,nasu,94072,ﾅｽﾏﾁ,9
那珂川町,nakagawa,94111,ﾅｶｶﾞﾜﾏﾁ,9
前橋市,maebashi,102016,ﾏｴﾊﾞｼｼ,10
高崎市,takasaki,102024,ﾀｶｻｷｼ,10
桐生市,kiryu,102032,ｷﾘｭｳｼ,10
伊勢崎市,isesaki,102041,ｲｾｻｷｼ,10
太田市,ota,102059,ｵｵﾀｼ,10
沼田市,numata,102067,ﾇﾏﾀｼ,10
館林市,tatebayashi,102075,ﾀﾃﾊﾞﾔｼｼ,10
渋川市,shibukawa,102083,ｼﾌﾞｶﾜｼ,10
藤岡市,fujioka,102091,ﾌｼﾞｵｶｼ,10
富岡市,tomioka,102105,ﾄﾐｵｶｼ,10
安中市,annaka,102113,ｱﾝﾅｶｼ,10
みどり市,midori,102121,ﾐﾄﾞﾘｼ,10
榛東村,shinto,103446,ｼﾝﾄｳﾑﾗ,10
吉岡町,yoshioka,103454,ﾖｼｵｶﾏﾁ,10
上野村,uenomura,103667,ｳｴﾉﾑﾗ,10
神流町,kanna,103675,ｶﾝﾅﾏﾁ,10
下仁田町,shimonita,103829,ｼﾓﾆﾀﾏﾁ,10
南牧村,nanmoku,103837,ﾅﾝﾓｸﾑﾗ,10
甘楽町,kanra,103845,ｶﾝﾗﾏﾁ,10
中之条町,nakanojo,104213,ﾅｶﾉｼﾞﾖｳﾏﾁ,10
長野原町,naganohara,104248,ﾅｶﾞﾉﾊﾗﾏﾁ,10
嬬恋村,tsumagoi,104256,ﾂﾏｺﾞｲﾑﾗ,10
草津町,kusatsu,104264,ｸｻﾂﾏﾁ,10
高山村,takayama,104281,ﾀｶﾔﾏﾑﾗ,10
東吾妻町,higashiagatsuma,104299,ﾋｶﾞｼｱｶﾞﾂﾏﾏﾁ,10
片品村,katashina,104434,ｶﾀｼﾅﾑﾗ,10
川場村,kawaba,104442,ｶﾜﾊﾞﾑﾗ,10
昭和村,showa,104485,ｼｮｳﾜﾑﾗ,10
みなかみ町,minakami,104493,ﾐﾅｶﾐﾏﾁ,10
玉村町,tamamura,104647,ﾀﾏﾑﾗﾏﾁ,10
板倉町,itakura,105210,ｲﾀｸﾗﾏﾁ,10
明和町,meiwa,105228,ﾒｲﾜﾏﾁ,10
千代田町,chiyoda,105236,ﾁﾖﾀﾞﾏﾁ,10
大泉町,oizumi,105244,ｵｵｲｽﾞﾐﾏﾁ,10
邑楽町,ora,105252,ｵｳﾗﾏﾁ,10
さいたま市西区,nishiku,111015,ｻｲﾀﾏｼﾆｼｸ,11
さいたま市北区,kitaku,111023,ｻｲﾀﾏｼｷﾀｸ,11
さいたま市大宮区,omiyaku,111031,ｻｲﾀﾏｼｵｵﾐﾔｸ,11
さいたま市見沼区,minumaku,111040,ｻｲﾀﾏｼﾐﾇﾏｸ,11
さいたま市中央区,chuoku,111058,ｻｲﾀﾏｼﾁｭｳｵｳｸ,11
さいたま市桜区,sakuraku,111066,ｻｲﾀﾏｼｻｸﾗｸ,11
さいたま市浦和区,urawaku,111074,ｻｲﾀﾏｼｳﾗﾜｸ,11
さいたま市南区,minamiku,111082,ｻｲﾀﾏｼﾐﾅﾐｸ,11
さいたま市緑区,midoriku,111091,ｻｲﾀﾏｼﾐﾄﾞﾘｸ,11
さいたま市岩槻区,iwatsukiku,111104,ｻｲﾀﾏｼｲﾜﾂｷｸ,11
川越市,kawagoe,112011,ｶﾜｺﾞｴｼ,11
熊谷市,kumagaya,112020,ｸﾏｶﾞﾔｼ,11
川口市,kawaguchi,112038,ｶﾜｸﾞﾁｼ,11
行田市,gyoda,112062,ｷﾞﾖｳﾀﾞｼ,11
秩父市,chichibu,112071,ﾁﾁﾌﾞｼ,11
所沢市,tokorozawa,112089,ﾄｺﾛｻﾞﾜｼ,11
飯能市,hanno,112097,ﾊﾝﾉｳｼ,11
加須市,kazo,112101,ｶｿﾞｼ,11
本庄市,honjo,112119,ﾎﾝｼﾞﾖｳｼ,11
東松山市,higashimatsuyama,112127,ﾋｶﾞｼﾏﾂﾔﾏｼ,11
春日部市,kasukabe,112143,ｶｽｶﾍﾞｼ,11
狭山市,sayama,112151,ｻﾔﾏｼ,11
羽生市,hanyu,112160,ﾊﾆﾕｳｼ,11
鴻巣市,kounosu,112178,ｺｳﾉｽｼ,11
深谷市,fukaya,112186,ﾌｶﾔｼ,11
上尾市,ageo,112194,ｱｹﾞｵｼ,11
草加市,soka,112216,ｿｳｶｼ,11
越谷市,koshigaya,112224,ｺｼｶﾞﾔｼ,11
蕨市,warabi,112232,ﾜﾗﾋﾞｼ,11
戸田市,toda,112241,ﾄﾀﾞｼ,11
入間市,iruma,112259,ｲﾙﾏｼ,11
朝霞市,asaka,112275,ｱｻｶｼ,11
志木市,shiki,112283,ｼｷｼ,11
和光市,wako,112291,ﾜｺｳｼ,11
新座市,niiza,112305,ﾆｲｻﾞｼ,11
桶川市,okegawa,112313,ｵｹｶﾞﾜｼ,11
久喜市,kuki,112321,ｸｷｼ,11
北本市,kitamoto,112330,ｷﾀﾓﾄｼ,11
八潮市,yashio,112348,ﾔｼｵｼ,11
富士見市,fujimi,112356,ﾌｼﾞﾐｼ,11
三郷市,misato_1,112372,ﾐｻﾄｼ,11
蓮田市,hasuda,112381,ﾊｽﾀﾞｼ,11
坂戸市,sakado,112399,ｻｶﾄﾞｼ,11
幸手市,satte,112402,ｻｯﾃｼ,11
鶴ヶ島市,tsurugashima,112411,ﾂﾙｶﾞｼﾏｼ,11
日高市,hidaka,112429,ﾋﾀﾞｶｼ,11
吉川市,yoshikawa,112437,ﾖｼｶﾜｼ,11
ふじみ野市,fujimino,112453,ﾌｼﾞﾐﾉｼ,11
白岡市,shiraoka,112461,ｼﾗｵｶｼ,11
伊奈町,ina,113018,ｲﾅﾏﾁ,11
三芳町,miyoshi,113247,ﾐﾖｼﾏﾁ,11
毛呂山町,moroyama,113263,ﾓﾛﾔﾏﾏﾁ,11
越生町,ogose,113271,ｵｺﾞｾﾏﾁ,11
滑川町,namegawa,113417,ﾅﾒｶﾞﾜﾏﾁ,11
嵐山町,ranzan,113425,ﾗﾝｻﾞﾝﾏﾁ,11
小川町,ogawa,113433,ｵｶﾞﾜﾏﾁ,11
川島町,kawajima,113468,ｶﾜｼﾞﾏﾏﾁ,11
吉見町,yoshimi,113476,ﾖｼﾐﾏﾁ,11
鳩山町,hatoyama,113484,ﾊﾄﾔﾏﾏﾁ,11
ときがわ町,tokigawa,113492,ﾄｷｶﾞﾜﾏﾁ,11
横瀬町,yokoze,113611,ﾖｺｾﾞﾏﾁ,11
皆野町,minano,113620,ﾐﾅﾉﾏﾁ,11
長瀞町,nagatoro,113638,ﾅｶﾞﾄﾛﾏﾁ,11
小鹿野町,ogano,113654,ｵｶﾞﾉﾏﾁ,11
東秩父村,higashichichibu,113697,ﾋｶﾞｼﾁﾁﾌﾞﾑﾗ,11
美里町,misato_2,113816,ﾐｻﾄﾏﾁ,11
神川町,kamikawa,113832,ｶﾐｶﾜﾏﾁ,11
上里町,kamisato,113859,ｶﾐｻﾄﾏﾁ,11
寄居町,yorii,114081,ﾖﾘｲﾏﾁ,11
宮代町,miyashiro,114421,ﾐﾔｼﾛﾏﾁ,11
杉戸町,sugito,114642,ｽｷﾞﾄﾏﾁ,11
松伏町,matsubushi,114651,ﾏﾂﾌﾞｼﾏﾁ,11
千葉市中央区,chuoku,121011,ﾁﾊﾞｼﾁｭｳｵｳｸ,12
千葉市花見川区,hanamigawaku,121029,ﾁﾊﾞｼﾊﾅﾐｶﾞﾜｸ,12
千葉市稲毛区,inageku,121037,ﾁﾊﾞｼｲﾅｹﾞｸ,12
千葉市若葉区,wakabaku,121045,ﾁﾊﾞｼﾜｶﾊﾞｸ,12
千葉市緑区,midoriku,121053,ﾁﾊﾞｼﾐﾄﾞﾘｸ,12
千葉市美浜区,mihamaku,121061,ﾁﾊﾞｼﾐﾊﾏｸ,12
銚子市,choshi,122025,ﾁｮｳｼｼ,12
市川市,ichikawa,122033,ｲﾁｶﾜｼ,12
船橋市,funabashi,122041,ﾌﾅﾊﾞｼｼ,12
館山市,tateyama,122050,ﾀﾃﾔﾏｼ,12
木更津市,kisarazu,122068,ｷｻﾗﾂﾞｼ,12
松戸市,matsudo,122076,ﾏﾂﾄﾞｼ,12
野田市,noda,122084,ﾉﾀﾞｼ,12
茂原市,mobara,122106,ﾓﾊﾞﾗｼ,12
成田市,narita,122114,ﾅﾘﾀｼ,12
佐倉市,sakura,122122,ｻｸﾗｼ,12
東金市,togane,122131,ﾄｳｶﾞﾈｼ,12
旭市,asahi,122157,ｱｻﾋｼ,12
習志野市,narashino,122165,ﾅﾗｼﾉｼ,12
柏市,kashiwa,122173,ｶｼﾜｼ,12
勝浦市,katsuura,122181,ｶﾂｳﾗｼ,12
市原市,ichihara,122190,ｲﾁﾊﾗｼ,12
流山市,nagareyama,122203,ﾅｶﾞﾚﾔﾏｼ,12
八千代市,yachiyo,122211,ﾔﾁﾖｼ,12
我孫子市,abiko,122220,ｱﾋﾞｺｼ,12
鴨川市,kamogawa,122238,ｶﾓｶﾞﾜｼ,12
鎌ケ谷市,kamagaya,122246,ｶﾏｶﾞﾔｼ,12
君津市,kimitsu,122254,ｷﾐﾂｼ,12
富津市,futtsu,122262,ﾌｯﾂｼ,12
浦安市,urayasu,122271,ｳﾗﾔｽｼ,12
四街道市,yotsukaido,122289,ﾖﾂｶｲﾄﾞｳｼ,12
袖ケ浦市,sodegaura,122297,ｿﾃﾞｶﾞｳﾗｼ,12
八街市,yachimata,122301,ﾔﾁﾏﾀｼ,12
印西市,inzai,122319,ｲﾝｻﾞｲｼ,12
白井市,siroi,122327,ｼﾛｲｼ,12
富里市,tomisato,122335,ﾄﾐｻﾄｼ,12
南房総市,minamiboso,122343,ﾐﾅﾐﾎﾞｳｿｳｼ,12
匝瑳市,sosa,122351,ｿｳｻｼ,12
香取市,katori,122360,ｶﾄﾘｼ,12
山武市,sammu,122378,ｻﾝﾑｼ,12
いすみ市,isumi,122386,ｲｽﾐｼ,12
大網白里市,oamishirasato,122394,ｵｵｱﾐｼﾗｻﾄｼ,12
酒々井町,shisui,123226,ｼｽｲﾏﾁ,12
栄町,sakae,123293,ｻｶｴﾏﾁ,12
神崎町,kozaki,123421,ｺｳｻﾞｷﾏﾁ,12
多古町,tako,123471,ﾀｺﾏﾁ,12
東庄町,tohnosho,123498,ﾄｳﾉｼｮｳﾏﾁ,12
九十九里町,kujukuri,124036,ｸｼﾞﾕｳｸﾘﾏﾁ,12
芝山町,shibayama,124095,ｼﾊﾞﾔﾏﾏﾁ,12
横芝光町,yokoshibahikari,124109,ﾖｺｼﾊﾞﾋｶﾘﾏﾁ,12
一宮町,ichinomiya,124214,ｲﾁﾉﾐﾔﾏﾁ,12
睦沢町,mutsuzawa,124222,ﾑﾂｻﾞﾜﾏﾁ,12
長生村,chosei,124231,ﾁｮｳｾｲﾑﾗ,12
白子町,shirako,124249,ｼﾗｺﾏﾁ,12
長柄町,nagara,124265,ﾅｶﾞﾗﾏﾁ,12
長南町,chonan,124273,ﾁｮｳﾅﾝﾏﾁ,12
大多喜町,otaki,124419,ｵｵﾀｷﾏﾁ,12
御宿町,onjuku,124435,ｵﾝｼﾞﾕｸﾏﾁ,12
鋸南町,kyonan,124630,ｷﾖﾅﾝﾏﾁ,12
千代田区,chiyodaku,131016,ﾁﾖﾀﾞｸ,13
中央区,chuoku,131024,ﾁｭｳｵｳｸ,13
港区,minatoku,131032,ﾐﾅﾄｸ,13
新宿区,shinjukuku,131041,ｼﾝｼﾞｭｸｸ,13
文京区,bunkyoku,131059,ﾌﾞﾝｷｮｳｸ,13
台東区,taitoku,131067,ﾀｲﾄｳｸ,13
墨田区,sumidaku,131075,ｽﾐﾀﾞｸ,13
江東区,kotoku,131083,ｺｳﾄｳｸ,13
品川区,shinagawaku,131091,ｼﾅｶﾞﾜｸ,13
目黒区,meguroku,131105,ﾒｸﾞﾛｸ,13
大田区,otaku,131113,ｵｵﾀｸ,13
世田谷区,setagayaku,131121,ｾﾀｶﾞﾔｸ,13
渋谷区,shibuyaku,131130,ｼﾌﾞﾔｸ,13
中野区,nakanoku,131148,ﾅｶﾉｸ,13
杉並区,suginamiku,131156,ｽｷﾞﾅﾐｸ,13
豊島区,toshimaku,131164,ﾄｼﾏｸ,13
北区,kitaku,131172,ｷﾀｸ,13
荒川区,arakawaku,131181,ｱﾗｶﾜｸ,13
板橋区,itabashiku,131199,ｲﾀﾊﾞｼｸ,13
練馬区,nerimaku,131202,ﾈﾘﾏｸ,13
足立区,adachiku,131211,ｱﾀﾞﾁｸ,13
葛飾区,katsushikaku,131229,ｶﾂｼｶｸ,13
江戸川区,edogawaku,131237,ｴﾄﾞｶﾞﾜｸ,13
八王子市,hachioji,132012,ﾊﾁｵｳｼﾞｼ,13
立川市,tachikawa,132021,ﾀﾁｶﾜｼ,13
武蔵野市,musashino,132039,ﾑｻｼﾉｼ,13
三鷹市,mitaka,132047,ﾐﾀｶｼ,13
青梅市,oume,132055,ｵｳﾒｼ,13
府中市,fuchu_2,132063,ﾌﾁｭｳｼ,13
昭島市,akishima,132071,ｱｷｼﾏｼ,13
調布市,chofu,132080,ﾁｮｳﾌｼ,13
町田市,machida,132098,ﾏﾁﾀﾞｼ,13
小金井市,koganei,132101,ｺｶﾞﾈｲｼ,13
小平市,kodaira,132110,ｺﾀﾞｲﾗｼ,13
日野市,hino,132128,ﾋﾉｼ,13
東村山市,higashimurayama,132136,ﾋｶﾞｼﾑﾗﾔﾏｼ,13
国分寺市,kokubunji,132144,ｺｸﾌﾞﾝｼﾞｼ,13
国立市,kunitachi,132152,ｸﾆﾀﾁｼ,13
福生市,fussa,132187,ﾌｯｻｼ,13
狛江市,komae,132195,ｺﾏｴｼ,13
東大和市,higashiyamato,132209,ﾋｶﾞｼﾔﾏﾄｼ,13
清瀬市,kiyose,132217,ｷﾖｾｼ,13
東久留米市,higashikurume,132225,ﾋｶﾞｼｸﾙﾒｼ,13
武蔵村山市,musashimurayama,132233,ﾑｻｼﾑﾗﾔﾏｼ,13
多摩市,tama,132241,ﾀﾏｼ,13
稲城市,inagi,132250,ｲﾅｷﾞｼ,13
羽村市,hamura,132276,ﾊﾑﾗｼ,13
あきる野市,akiruno,132284,ｱｷﾙﾉｼ,13
西東京市,nishitokyo,132292,ﾆｼﾄｳｷｮｳｼ,13
瑞穂町,mizuho,133035,ﾐｽﾞﾎﾏﾁ,13
日の出町,hinode,133051,ﾋﾉﾃﾞﾏﾁ,13
檜原村,hinohara,133078,ﾋﾉﾊﾗﾑﾗ,13
奥多摩町,okutama,133086,ｵｸﾀﾏﾏﾁ,13
大島町,oshima,133612,ｵｵｼﾏﾏﾁ,13
利島村,toshima,133621,ﾄｼﾏﾑﾗ,13
新島村,niijima,133639,ﾆｲｼﾞﾏﾑﾗ,13
神津島村,kouzushima,133647,ｺｳﾂﾞｼﾏﾑﾗ,13
三宅村,miyake,133817,ﾐﾔｹﾑﾗ,13
御蔵島村,mikurasima,133825,ﾐｸﾗｼﾞﾏﾑﾗ,13
八丈町,hachijo,134015,ﾊﾁｼﾞｮｳﾏﾁ,13
青ヶ島村,aogashima,134023,ｱｵｶﾞｼﾏﾑﾗ,13
小笠原村,ogasawara,134210,ｵｶﾞｻﾜﾗﾑﾗ,13
横浜市鶴見区,tsurumiku,141011,ﾖｺﾊﾏｼﾂﾙﾐｸ,14
横浜市神奈川区,kanagawaku,141020,ﾖｺﾊﾏｼｶﾅｶﾞﾜｸ,14
横浜市西区,nishiku,141038,ﾖｺﾊﾏｼﾆｼｸ,14
横浜市中区,nakaku,141046,ﾖｺﾊﾏｼﾅｶｸ,14
横浜市南区,minamiku_1,141054,ﾖｺﾊﾏｼﾐﾅﾐｸ,14
横浜市保土ケ谷区,hodogayaku,141062,ﾖｺﾊﾏｼﾎﾄﾞｶﾞﾔｸ,14
横浜市磯子区,isogoku,141071,ﾖｺﾊﾏｼｲｿｺﾞｸ,14
横浜市金沢区,kanazawaku,141089,ﾖｺﾊﾏｼｶﾅｻﾞﾜｸ,14
横浜市港北区,kohokuku,141097,ﾖｺﾊﾏｼｷﾀｸ,14
横浜市戸塚区,totsukaku,141101,ﾖｺﾊﾏｼﾄﾂｶｸ,14
横浜市港南区,konanku,141119,ﾖｺﾊﾏｼﾐﾅﾐｸ,14
横浜市旭区,asahiku,141127,ﾖｺﾊﾏｼｱｻﾋｸ,14
横浜市緑区,midoriku_1,141135,ﾖｺﾊﾏｼﾐﾄﾞﾘｸ,14
横浜市瀬谷区,seyaku,141143,ﾖｺﾊﾏｼｾﾔｸ,14
横浜市栄区,sakeku,141151,ﾖｺﾊﾏｼｻｶｴｸ,14
横浜市泉区,izumiku,141160,ﾖｺﾊﾏｼｲｽﾞﾐｸ,14
横浜市青葉区,aobaku,141178,ﾖｺﾊﾏｼｱｵﾊﾞｸ,14
横浜市都筑区,tsuzukiku,141186,ﾖｺﾊﾏｼﾂﾂﾞｷｸ,14
川崎市川崎区,kawasakiku,141313,ｶﾜｻｷｼｶﾜｻｷｸ,14
川崎市幸区,saiwaiku,141321,ｶﾜｻｷｼｻｲﾜｲｸ,14
川崎市中原区,nakaharaku,141330,ｶﾜｻｷｼﾅｶﾊﾗｸ,14
川崎市高津区,takatsuku,141348,ｶﾜｻｷｼﾀｶﾂｸ,14
川崎市多摩区,tamaku,141356,ｶﾜｻｷｼﾀﾏｸ,14
川崎市宮前区,miyamaeku,141364,ｶﾜｻｷｼﾐﾔﾏｴｸ,14
川崎市麻生区,asaoku,141372,ｶﾜｻｷｼｱｿｳｸ,14
相模原市緑区,midoriku_2,141518,ｻｶﾞﾐﾊﾗｼﾐﾄﾞﾘｸ,14
相模原市中央区,chuoku,141526,ｻｶﾞﾐﾊﾗｼﾁｭｳｵｳｸ,14
相模原市南区,minamiku_2,141534,ｻｶﾞﾐﾊﾗｼﾐﾅﾐｸ,14
横須賀市,yokosuka,142018,ﾖｺｽｶｼ,14
平塚市,hiratsuka,142034,ﾋﾗﾂｶｼ,14
鎌倉市,kamakura,142042,ｶﾏｸﾗｼ,14
藤沢市,fujisawa,142051,ﾌｼﾞｻﾜｼ,14
小田原市,odawara,142069,ｵﾀﾞﾜﾗｼ,14
茅ヶ崎市,chigasaki,142077,ﾁｶﾞｻｷｼ,14
逗子市,zushi,142085,ｽﾞｼｼ,14
三浦市,miura,142107,ﾐｳﾗｼ,14
秦野市,hadano,142115,ﾊﾀﾞﾉｼ,14
厚木市,atsugi,142123,ｱﾂｷﾞｼ,14
大和市,yamato,142131,ﾔﾏﾄｼ,14
伊勢原市,isehara,142140,ｲｾﾊﾗｼ,14
海老名市,ebina,142158,ｴﾋﾞﾅｼ,14
座間市,zama,142166,ｻﾞﾏｼ,14
南足柄市,minamiashigara,142174,ﾐﾅﾐｱｼｶﾞﾗｼ,14
綾瀬市,ayase,142182,ｱﾔｾｼ,14
葉山町,hayama,143014,ﾊﾔﾏﾏﾁ,14
寒川町,samukawa,143219,ｻﾑｶﾜﾏﾁ,14
大磯町,oiso,143413,ｵｵｲｿﾏﾁ,14
二宮町,ninomiya,143421,ﾆﾉﾐﾔﾏﾁ,14
中井町,nakai,143618,ﾅｶｲﾏﾁ,14
大井町,oi,143626,ｵｵｲﾏﾁ,14
松田町,matsuda,143634,ﾏﾂﾀﾞﾏﾁ,14
山北町,yamakita,143642,ﾔﾏｷﾀﾏﾁ,14
開成町,kaisei,143669,ｶｲｾｲﾏﾁ,14
箱根町,hakone,143821,ﾊｺﾈﾏﾁ,14
真鶴町,manazuru,143839,ﾏﾅﾂﾙﾏﾁ,14
湯河原町,yugawara,143847,ﾕｶﾞﾜﾗﾏﾁ,14
愛川町,aikawa,144011,ｱｲｶﾜﾏﾁ,14
清川村,kiyokawa,144029,ｷﾖｶﾜﾑﾗ,14
新潟市北区,kitaku,151017,ﾆｲｶﾞﾀｼｷﾀｸ,15
新潟市東区,higashiku,151025,ﾆｲｶﾞﾀｼﾋｶﾞｼｸ,15
新潟市中央区,chuoku,151033,ﾆｲｶﾞﾀｼﾁｭｳｵｳｸ,15
新潟市江南区,konanku,151041,ﾆｲｶﾞﾀｼｺｳﾅﾝｸ,15
新潟市秋葉区,akihaku,151050,ﾆｲｶﾞﾀｼｱｷﾊｸ,15
新潟市南区,minamiku,151068,ﾆｲｶﾞﾀｼﾐﾅﾐｸ,15
新潟市西区,nishiku,151076,ﾆｲｶﾞﾀｼﾆｼｸ,15
新潟市西蒲区,nishikanku,151084,ﾆｲｶﾞﾀｼﾆｼｶﾝｸ,15
長岡市,nagaoka,152021,ﾅｶﾞｵｶｼ,15
三条市,sanjo,152048,ｻﾝｼﾞｮｳｼ,15
柏崎市,kashiwazaki,152056,ｶｼﾜｻﾞｷｼ,15
新発田市,shibata,152064,ｼﾊﾞﾀｼ,15
小千谷市,ojiya,152081,ｵﾁﾞﾔｼ,15
加茂市,kamo,152099,ｶﾓｼ,15
十日町市,tokamachi,152102,ﾄｵｶﾏﾁｼ,15
見附市,mitsuke,152111,ﾐﾂｹｼ,15
村上市,murakami,152129,ﾑﾗｶﾐｼ,15
燕市,tsubame,152137,ﾂﾊﾞﾒｼ,15
糸魚川市,itoigawa,152161,ｲﾄｲｶﾞﾜｼ,15
妙高市,myoko,152170,ﾐｮｳｺｳｼ,15
五泉市,gosen,152188,ｺﾞｾﾝｼ,15
上越市,joetsu,152226,ｼﾞｮｳｴﾂｼ,15
阿賀野市,agano,152234,ｱｶﾞﾉｼ,15
佐渡市,sado,152242,ｻﾄﾞｼ,15
魚沼市,uonuma,152251,ｳｵﾇﾏｼ,15
南魚沼市,minamiuonuma,152269,ﾐﾅﾐｳｵﾇﾏｼ,15
胎内市,tainai,152277,ﾀｲﾅｲｼ,15
聖籠町,seiro,153079,ｾｲﾛｳﾏﾁ,15
弥彦村,yahiko,153427,ﾔﾋｺﾑﾗ,15
田上町,tagami,153613,ﾀｶﾞﾐﾏﾁ,15
阿賀町,aga,153851,ｱｶﾞﾏﾁ,15
出雲崎町,izumozaki,154059,ｲｽﾞﾓｻﾞｷﾏﾁ,15
湯沢町,yuzawa,154610,ﾕｻﾞﾜﾏﾁ,15
津南町,tsunan,154822,ﾂﾅﾝﾏﾁ,15
刈羽村,kariwa,155047,ｶﾘﾜﾑﾗ,15
関川村,sekikawa,155811,ｾｷｶﾜﾑﾗ,15
粟島浦村,awashimaura,155861,ｱﾜｼﾏｳﾗﾑﾗ,15
富山市,toyama,162019,ﾄﾔﾏｼ,16
高岡市,takaoka,162027,ﾀｶｵｶｼ,16
魚津市,uozu,162043,ｳｵﾂﾞｼ,16
氷見市,himi,162051,ﾋﾐｼ,16
滑川市,namerikawa,162060,ﾅﾒﾘｶﾜｼ,16
黒部市,kurobe,162078,ｸﾛﾍﾞｼ,16
砺波市,tonami,162086,ﾄﾅﾐｼ,16
小矢部市,oyabe,162094,ｵﾔﾍﾞｼ,16
南砺市,nanto,162108,ﾅﾝﾄｼ,16
射水市,imizu,162116,ｲﾐｽﾞｼ,16
舟橋村,funahashi,163210,ﾌﾅﾊｼﾑﾗ,16
上市町,kamiichi,163228,ｶﾐｲﾁﾏﾁ,16
立山町,tateyama,163236,ﾀﾃﾔﾏﾏﾁ,16
入善町,nyuzen,163422,ﾆｭｳｾﾞﾝﾏﾁ,16
朝日町,asahi,163431,ｱｻﾋﾏﾁ,16
金沢市,kanazawa,172014,ｶﾅｻﾞﾜｼ,17
七尾市,nanao,172022,ﾅﾅｵｼ,17
小松市,komatsu,172031,ｺﾏﾂｼ,17
輪島市,wajima,172049,ﾜｼﾞﾏｼ,17
珠洲市,suzu,172057,ｽｽﾞｼ,17
加賀市,kaga,172065,ｶｶﾞｼ,17
羽咋市,hakui,172073,ﾊｸｲｼ,17
かほく市,kahoku,172090,ｶﾎｸｼ,17
白山市,hakusan,172103,ﾊｸｻﾝｼ,17
能美市,nomi,172111,ﾉﾐｼ,17
野々市市,nonoichi,172120,ﾉﾉｲﾁｼ,17
川北町,kawakita,173240,ｶﾜｷﾀﾏﾁ,17
津幡町,tsubata,173614,ﾂﾊﾞﾀﾏﾁ,17
内灘町,uchinada,173657,ｳﾁﾅﾀﾞﾏﾁ,17
志賀町,shika,173843,ｼｶﾏﾁ,17
宝達志水町,hodatsushimizu,173860,ﾎｳﾀﾞﾂｼﾐｽﾞﾁｮｳ,17
中能登町,nakanoto,174076,ﾅｶﾉﾄﾏﾁ,17
穴水町,anamizu,174611,ｱﾅﾐｽﾞﾏﾁ,17
能登町,noto,174637,ﾉﾄﾁｮｳ,17
福井市,fukui,182010,ﾌｸｲｼ,18
敦賀市,tsuruga,182028,ﾂﾙｶﾞｼ,18
小浜市,obama,182044,ｵﾊﾞﾏｼ,18
大野市,ono,182052,ｵｵﾉｼ,18
勝山市,katsuyama,182061,ｶﾂﾔﾏｼ,18
鯖江市,sabae,182079,ｻﾊﾞｴｼ,18
あわら市,awara,182087,ｱﾜﾗｼ,18
越前市,echizen_1,182095,ｴﾁｾﾞﾝｼ,18
坂井市,sakai,182109,ｻｶｲｼ,18
永平寺町,eiheiji,183229,ｴｲﾍｲｼﾞﾁｮｳ,18
池田町,ikeda,183822,ｲｹﾀﾞﾁｮｳ,18
南越前町,minamiechizen,184047,ﾐﾅﾐｴﾁｾﾞﾝﾁｮｳ,18
越前町,echizen_2,184233,ｴﾁｾﾞﾝﾁｮｳ,18
美浜町,mihama,184420,ﾐﾊﾏﾁｮｳ,18
高浜町,takahama,184811,ﾀｶﾊﾏﾁｮｳ,18
おおい町,ohi,184837,ｵｵｲﾁｮｳ,18
若狭町,wakasa,185019,ﾜｶｻﾁｮｳ,18
甲府市,kofu,192015,ｺｳﾌｼ,19
富士吉田市,fujiyoshida,192023,ﾌｼﾞﾖｼﾀﾞｼ,19
都留市,tsuru,192040,ﾂﾙｼ,19
山梨市,yamanashi,192058,ﾔﾏﾅｼｼ,19
大月市,otsuki,192066,ｵｵﾂｷｼ,19
韮崎市,nirasaki,192074,ﾆﾗｻｷｼ,19
南アルプス市,minamialps,192082,ﾐﾅﾐｱﾙﾌﾟｽｼ,19
北杜市,hokuto,192091,ﾎｸﾄｼ,19
甲斐市,kai,192104,ｶｲｼ,19
笛吹市,fuefuki,192112,ﾌｴﾌｷｼ,19
上野原市,uenohara,192121,ｳｴﾉﾊﾗｼ,19
甲州市,koshu,192139,ｺｳｼｭｳｼ,19
中央市,chuo,192147,ﾁｭｳｵｳｼ,19
市川三郷町,ichikawamisato,193461,ｲﾁｶﾜﾐｻﾄﾁｮｳ,19
早川町,hayakawa,193640,ﾊﾔｶﾜﾁｮｳ,19
身延町,minobu,193658,ﾐﾉﾌﾞﾁｮｳ,19
南部町,nanbu,193666,ﾅﾝﾌﾞﾁｮｳ,19
富士川町,fujikawa,193682,ﾌｼﾞｶﾜﾁｮｳ,19
昭和町,showa,193844,ｼｮｳﾜﾁｮｳ,19
道志村,doshi,194221,ﾄﾞｳｼﾑﾗ,19
西桂町,nishikatsura,194239,ﾆｼｶﾂﾗﾁｮｳ,19
忍野村,oshino,194247,ｵｼﾉﾑﾗ,19
山中湖村,yamanakako,194255,ﾔﾏﾅｶｺﾑﾗ,19
鳴沢村,narusawa,194298,ﾅﾙｻﾜﾑﾗ,19
富士河口湖町,fujikawaguchiko,194301,ﾌｼﾞｶﾜｸﾞﾁｺﾏﾁ,19
小菅村,kosuge,194425,ｺｽｹﾞﾑﾗ,19
丹波山村,tabayama,194433,ﾀﾊﾞﾔﾏﾑﾗ,19
長野市,nagano,202011,ﾅｶﾞﾉｼ,20
松本市,matsumoto,202029,ﾏﾂﾓﾄｼ,20
上田市,ueda,202037,ｳｴﾀﾞｼ,20
岡谷市,okaya,202045,ｵｶﾔｼ,20
飯田市,iida,202053,ｲｲﾀﾞｼ,20
諏訪市,suwa,202061,ｽﾜｼ,20
須坂市,suzaka,202070,ｽｻﾞｶｼ,20
小諸市,komoro,202088,ｺﾓﾛｼ,20
伊那市,ina,202096,ｲﾅｼ,20
駒ヶ根市,komagane,202100,ｺﾏｶﾞﾈｼ,20
中野市,nakano,202118,ﾅｶﾉｼ,20
大町市,omachi,202126,ｵｵﾏﾁｼ,20
飯山市,iiyama,202134,ｲｲﾔﾏｼ,20
茅野市,chino,202142,ﾁﾉｼ,20
塩尻市,shiobara,202151,ｼｵｼﾞﾘｼ,20
佐久市,saku,202177,ｻｸｼ,20
千曲市,chikuma,202185,ﾁｸﾏｼ,20
東御市,tomi,202193,ﾄｳﾐｼ,20
安曇野市,azumino,202207,ｱﾂﾞﾐﾉｼ,20
小海町,koumi,203033,ｺｳﾐﾏﾁ,20
川上村,kawakami,203041,ｶﾜｶﾐﾑﾗ,20
南牧村,minamimaki,203050,ﾐﾅﾐﾏｷﾑﾗ,20
南相木村,minamiaiki,203068,ﾐﾅﾐｱｲｷﾑﾗ,20
北相木村,kitaaiki,203076,ｷﾀｱｲｷﾑﾗ,20
佐久穂町,sakuho,203092,ｻｸﾎﾏﾁ,20
軽井沢町,karuizawa,203211,ｶﾙｲｻﾞﾜﾏﾁ,20
御代田町,miyota,203238,ﾐﾖﾀﾏﾁ,20
立科町,tateshina,203246,ﾀﾃｼﾅﾏﾁ,20
青木村,aoki,203491,ｱｵｷﾑﾗ,20
長和町,nagawa,203505,ﾅｶﾞﾜﾏﾁ,20
下諏訪町,shimosuwa,203611,ｼﾓｽﾜﾏﾁ,20
富士見町,fujimi,203629,ﾌｼﾞﾐﾏﾁ,20
原村,hara,203637,ﾊﾗﾑﾗ,20
辰野町,tatsuno,203823,ﾀﾂﾉﾏﾁ,20
箕輪町,minowa,203831,ﾐﾉﾜﾏﾁ,20
飯島町,iijima,203840,ｲｲｼﾞﾏﾏﾁ,20
南箕輪村,minamiminowa,203858,ﾐﾅﾐﾐﾉﾜﾑﾗ,20
中川村,nakagawa,203866,ﾅｶｶﾞﾜﾑﾗ,20
宮田村,miyada,203882,ﾐﾔﾀﾞﾑﾗ,20
松川町,matsukawa_1,204021,ﾏﾂｶﾜﾏﾁ,20
高森町,takamori,204030,ﾀｶﾓﾘﾏﾁ,20
阿南町,anan,204048,ｱﾅﾝﾁｮｳ,20
阿智村,achi,204072,ｱﾁﾑﾗ,20
平谷村,hiraya,204099,ﾋﾗﾔﾑﾗ,20
根羽村,nebamura,204102,ﾈﾊﾞﾑﾗ,20
下條村,shimojo,204111,ｼﾓｼﾞｮｳﾑﾗ,20
売木村,urugi,204129,ｳﾙｷﾞﾑﾗ,20
天龍村,tenryu,204137,ﾃﾝﾘｭｳﾑﾗ,20
泰阜村,yasuoka,204145,ﾔｽｵｶﾑﾗ,20
喬木村,takagi,204153,ﾀｶｷﾞﾑﾗ,20
豊丘村,toyooka,204161,ﾄﾖｵｶﾑﾗ,20
大鹿村,ooshika,204170,ｵｵｼｶﾑﾗ,20
上松町,agematsu,204226,ｱｹﾞﾏﾂﾏﾁ,20
南木曽町,nagiso,204234,ﾅｷﾞｿﾏﾁ,20
木祖村,kiso_1,204251,ｷｿﾑﾗ,20
王滝村,otaki,204293,ｵｳﾀｷﾑﾗ,20
大桑村,ookuwa,204307,ｵｵｸﾜﾑﾗ,20
木曽町,kiso_2,204323,ｷｿﾏﾁ,20
麻績村,omi,204463,ｵﾐﾑﾗ,20
生坂村,ikusaka,204480,ｲｸｻｶﾑﾗ,20
山形村,yamagata,204501,ﾔﾏｶﾞﾀﾑﾗ,20
朝日村,asahi,204510,ｱｻﾋﾑﾗ,20
筑北村,chikuhoku,204528,ﾁｸﾎｸﾑﾗ,20
池田町,ikeda,204811,ｲｹﾀﾞﾏﾁ,20
松川村,matsukawa_2,204820,ﾏﾂｶﾜﾑﾗ,20
白馬村,hakuba,204854,ﾊｸﾊﾞﾑﾗ,20
小谷村,otari,204862,ｵﾀﾘﾑﾗ,20
坂城町,sakaki,205214,ｻｶｷﾏﾁ,20
小布施町,obuse,205419,ｵﾌﾞｾﾏﾁ,20
高山村,takayama,205435,ﾀｶﾔﾏﾑﾗ,20
山ノ内町,yamanouchi,205613,ﾔﾏﾉｳﾁﾏﾁ,20
木島平村,kijimadaira,205621,ｷｼﾞﾏﾀﾞｲﾗﾑﾗ,20
野沢温泉村,nozawaonsen,205630,ﾉｻﾞﾜｵﾝｾﾝﾑﾗ,20
信濃町,shinano,205834,ｼﾅﾉﾏﾁ,20
小川村,ogawa,205885,ｵｶﾞﾜﾑﾗ,20
飯綱町,iizuna,205907,ｲｲﾂﾞﾅﾏﾁ,20
栄村,sakae,206024,ｻｶｴﾑﾗ,20
岐阜市,gifu,212016,ｷﾞﾌｼ,21
大垣市,ogaki,212024,ｵｵｶﾞｷｼ,21
高山市,takayama,212032,ﾀｶﾔﾏｼ,21
多治見市,tajimi,212041,ﾀｼﾞﾐｼ,21
関市,seki,212059,ｾｷｼ,21
中津川市,nakatsugawa,212067,ﾅｶﾂｶﾞﾜｼ,21
美濃市,mino,212075,ﾐﾉｼ,21
瑞浪市,mizunami,212083,ﾐｽﾞﾅﾐｼ,21
羽島市,hashima,212091,ﾊｼﾏｼ,21
恵那市,ena,212105,ｴﾅｼ,21
美濃加茂市,minokamo,212113,ﾐﾉｶﾓｼ,21
土岐市,toki,212121,ﾄｷｼ,21
各務原市,kakamigahara,212130,ｶｶﾐｶﾞﾊﾗｼ,21
可児市,kani,212148,ｶﾆｼ,21
山県市,yamagata,212156,ﾔﾏｶﾞﾀｼ,21
瑞穂市,mizuho,212164,ﾐｽﾞﾎｼ,21
飛騨市,hida,212172,ﾋﾀﾞｼ,21
本巣市,motosu,212181,ﾓﾄｽｼ,21
郡上市,gujo,212199,ｸﾞｼﾞｮｳｼ,21
下呂市,gero,212202,ｹﾞﾛｼ,21
海津市,kaizu,212211,ｶｲﾂﾞｼ,21
岐南町,ginan,213021,ｷﾞﾅﾝﾁｮｳ,21
笠松町,kasamatsu,213039,ｶｻﾏﾂﾁｮｳ,21
養老町,yoro,213411,ﾖｳﾛｳﾁｮｳ,21
垂井町,tarui,213616,ﾀﾙｲﾁｮｳ,21
関ケ原町,sekigahara,213624,ｾｷｶﾞﾊﾗﾁｮｳ,21
神戸町,godo,213811,ｺﾞｳﾄﾞﾁｮｳ,21
輪之内町,wanouchi,213829,ﾜﾉｳﾁﾁｮｳ,21
安八町,anpachi,213837,ｱﾝﾊﾟﾁﾁｮｳ,21
揖斐川町,ibigawa,214019,ｲﾋﾞｶﾞﾜﾁｮｳ,21
大野町,ono,214035,ｵｵﾉﾁｮｳ,21
池田町,ikeda,214043,ｲｹﾀﾞﾁｮｳ,21
北方町,kitagata,214213,ｷﾀｶﾞﾀﾁｮｳ,21
坂祝町,sakahogi,215015,ｻｶﾎｷﾞﾁｮｳ,21
富加町,tomika,215023,ﾄﾐｶﾁｮｳ,21
川辺町,kawabe,215031,ｶﾜﾍﾞﾁｮｳ,21
七宗町,hichiso,215040,ﾋﾁｿｳﾁｮｳ,21
八百津町,yaotsu,215058,ﾔｵﾂﾁｮｳ,21
白川町,shirakawa_1,215066,ｼﾗｶﾜﾁｮｳ,21
東白川村,higashishirakawa,215074,ﾋｶﾞｼｼﾗｶﾜﾑﾗ,21
御嵩町,mitake,215210,ﾐﾀｹﾁｮｳ,21
白川村,shirakawa_2,216046,ｼﾗｶﾜﾑﾗ,21
静岡市葵区,aoiku,221015,ｼｽﾞｵｶｼｱｵｲｸ,22
静岡市駿河区,surugaku,221023,ｼｽﾞｵｶｼｽﾙｶﾞｸ,22
静岡市清水区,shimizuku,221031,ｼｽﾞｵｶｼｼﾐｽﾞｸ,22
浜松市中区,nakaku,221317,ﾊﾏﾏﾂｼﾅｶｸ,22
浜松市東区,higashiku,221325,ﾊﾏﾏﾂｼﾋｶﾞｼｸ,22
浜松市西区,nishiku,221333,ﾊﾏﾏﾂｼﾆｼｸ,22
浜松市南区,minamiku,221341,ﾊﾏﾏﾂｼﾐﾅﾐｸ,22
浜松市北区,kitaku,221350,ﾊﾏﾏﾂｼｷﾀｸ,22
浜松市浜北区,hamakitaku,221368,ﾊﾏﾏﾂｼﾊﾏｷﾀｸ,22
浜松市天竜区,tenryuku,221376,ﾊﾏﾏﾂｼﾃﾝﾘｭｳｸ,22
沼津市,numazu,222038,ﾇﾏﾂﾞｼ,22
熱海市,atami,222054,ｱﾀﾐｼ,22
三島市,mishima,222062,ﾐｼﾏｼ,22
富士宮市,fujinomiya,222071,ﾌｼﾞﾉﾐﾔｼ,22
伊東市,ito,222089,ｲﾄｳｼ,22
島田市,shimada,222097,ｼﾏﾀﾞｼ,22
富士市,fuji,222101,ﾌｼﾞｼ,22
磐田市,iwata,222119,ｲﾜﾀｼ,22
焼津市,yaizu,222127,ﾔｲﾂﾞｼ,22
掛川市,kakegawa,222135,ｶｹｶﾞﾜｼ,22
藤枝市,fujieda,222143,ﾌｼﾞｴﾀﾞｼ,22
御殿場市,gotenba,222151,ｺﾞﾃﾝﾊﾞｼ,22
袋井市,fukuroi,222160,ﾌｸﾛｲｼ,22
下田市,shimoda,222194,ｼﾓﾀﾞｼ,22
裾野市,susono,222208,ｽｿﾉｼ,22
湖西市,kosai,222216,ｺｻｲｼ,22
伊豆市,izu,222224,ｲｽﾞｼ,22
御前崎市,omaezaki,222232,ｵﾏｴｻﾞｷｼ,22
菊川市,kikugawa,222241,ｷｸｶﾞﾜｼ,22
伊豆の国市,izunokuni,222259,ｲｽﾞﾉｸﾆｼ,22
牧之原市,makinohara,222267,ﾏｷﾉﾊﾗｼ,22
東伊豆町,higashiizu,223018,ﾋｶﾞｼｲｽﾞﾁｮｳ,22
河津町,kawazu,223026,ｶﾜﾂﾞﾁｮｳ,22
南伊豆町,minamiizu,223042,ﾐﾅﾐｲｽﾞﾁｮｳ,22
松崎町,matsuzaki,223051,ﾏﾂｻﾞｷﾁｮｳ,22
西伊豆町,nishiizu,223069,ﾆｼｲｽﾞﾁｮｳ,22
函南町,kannami,223255,ｶﾝﾅﾐﾁｮｳ,22
清水町,shimizu,223417,ｼﾐｽﾞﾁｮｳ,22
長泉町,nagaizumi,223425,ﾅｶﾞｲｽﾞﾐﾁｮｳ,22
小山町,oyama,223441,ｵﾔﾏﾁｮｳ,22
吉田町,yoshida,224243,ﾖｼﾀﾞﾁｮｳ,22
川根本町,kawanehon,224294,ｶﾜﾈﾎﾝﾁｮｳ,22
森町,mori,224618,ﾓﾘﾏﾁ,22
名古屋市千種区,chigusaku,231011,ﾅｺﾞﾔｼﾁｸｻｸ,23
名古屋市東区,higashiku,231029,ﾅｺﾞﾔｼﾋｶﾞｼｸ,23
名古屋市北区,kitaku,231037,ﾅｺﾞﾔｼｷﾀｸ,23
名古屋市西区,nishiku,231045,ﾅｺﾞﾔｼﾆｼｸ,23
名古屋市中村区,nakamuraku,231053,ﾅｺﾞﾔｼﾅｶﾑﾗｸ,23
名古屋市中区,nakaku,231061,ﾅｺﾞﾔｼﾅｶｸ,23
名古屋市昭和区,showaku,231070,ﾅｺﾞﾔｼｼｮｳﾜｸ,23
名古屋市瑞穂区,mizuhoku,231088,ﾅｺﾞﾔｼﾐｽﾞﾎｸ,23
名古屋市熱田区,atsutaku,231096,ﾅｺﾞﾔｼｱﾂﾀｸ,23
名古屋市中川区,nakagawaku,231100,ﾅｺﾞﾔｼﾅｶｶﾞﾜｸ,23
名古屋市港区,minatoku,231118,ﾅｺﾞﾔｼﾐﾅﾄｸ,23
名古屋市南区,minamiku,231126,ﾅｺﾞﾔｼﾐﾅﾐｸ,23
名古屋市守山区,moriyamaku,231134,ﾅｺﾞﾔｼﾓﾘﾔﾏｸ,23
名古屋市緑区,midoriku,231142,ﾅｺﾞﾔｼﾐﾄﾞﾘｸ,23
名古屋市名東区,meitoku,231151,ﾅｺﾞﾔｼﾒｲﾄｳｸ,23
名古屋市天白区,tenpakuku,231169,ﾅｺﾞﾔｼﾃﾝﾊﾟｸｸ,23
豊橋市,toyohashi,232017,ﾄﾖﾊｼｼ,23
岡崎市,okazaki,232025,ｵｶｻﾞｷｼ,23
一宮市,ichinomiya,232033,ｲﾁﾉﾐﾔｼ,23
瀬戸市,seto,232041,ｾﾄｼ,23
半田市,handa,232050,ﾊﾝﾀﾞｼ,23
春日井市,kasugai,232068,ｶｽｶﾞｲｼ,23
豊川市,toyokawa,232076,ﾄﾖｶﾜｼ,23
津島市,tsushima,232084,ﾂｼﾏｼ,23
碧南市,hekinan,232092,ﾍｷﾅﾝｼ,23
刈谷市,kariya,232106,ｶﾘﾔｼ,23
豊田市,toyota,232114,ﾄﾖﾀｼ,23
安城市,anjo,232122,ｱﾝｼﾞｮｳｼ,23
西尾市,nishio,232131,ﾆｼｵｼ,23
蒲郡市,gamagori,232149,ｶﾞﾏｺﾞｵﾘｼ,23
犬山市,inuyama,232157,ｲﾇﾔﾏｼ,23
常滑市,tokoname,232165,ﾄｺﾅﾒｼ,23
江南市,konan,232173,ｺｳﾅﾝｼ,23
小牧市,komaki,232190,ｺﾏｷｼ,23
稲沢市,inazawa,232203,ｲﾅｻﾞﾜｼ,23
新城市,shinshiro,232211,ｼﾝｼﾛｼ,23
東海市,tokai,232220,ﾄｳｶｲｼ,23
大府市,obu,232238,ｵｵﾌﾞｼ,23
知多市,chita,232246,ﾁﾀｼ,23
知立市,chiryu,232254,ﾁﾘｭｳｼ,23
尾張旭市,owariasahi,232262,ｵﾜﾘｱｻﾋｼ,23
高浜市,takahama,232271,ﾀｶﾊﾏｼ,23
岩倉市,iwakura,232289,ｲﾜｸﾗｼ,23
豊明市,toyoake,232297,ﾄﾖｱｹｼ,23
日進市,nisshin,232301,ﾆｯｼﾝｼ,23
田原市,tahara,232319,ﾀﾊﾗｼ,23
愛西市,aisai,232327,ｱｲｻｲｼ,23
清須市,kiyosu,232335,ｷﾖｽｼ,23
北名古屋市,kitanagoyashi,232343,ｷﾀﾅｺﾞﾔｼ,23
弥富市,yatomi,232351,ﾔﾄﾐｼ,23
みよし市,miyoshi,232360,ﾐﾖｼｼ,23
あま市,ama,232378,ｱﾏｼ,23
長久手市,nagakute,232386,ﾅｶﾞｸﾃｼ,23
東郷町,togo,233021,ﾄｳｺﾞｳﾁｮｳ,23
豊山町,toyoyama,233421,ﾄﾖﾔﾏﾁｮｳ,23
大口町,oguchi,233617,ｵｵｸﾞﾁﾁｮｳ,23
扶桑町,fuso,233625,ﾌｿｳﾁｮｳ,23
大治町,oharu,234249,ｵｵﾊﾙﾁｮｳ,23
蟹江町,kanie,234257,ｶﾆｴﾁｮｳ,23
飛島村,tobishima,234273,ﾄﾋﾞｼﾏﾑﾗ,23
阿久比町,agui,234419,ｱｸﾞｲﾁｮｳ,23
東浦町,higashiura,234427,ﾋｶﾞｼｳﾗﾁｮｳ,23
南知多町,minamichita,234451,ﾐﾅﾐﾁﾀﾁｮｳ,23
美浜町,mihama,234460,ﾐﾊﾏﾁｮｳ,23
武豊町,taketoyo,234478,ﾀｹﾄﾖﾁｮｳ,23
幸田町,kota,235016,ｺｳﾀﾁｮｳ,23
設楽町,shitara,235610,ｼﾀﾗﾁｮｳ,23
東栄町,toei,235628,ﾄｳｴｲﾁｮｳ,23
豊根村,toyone,235636,ﾄﾖﾈﾑﾗ,23
津市,tsu,242012,ﾂｼ,24
四日市市,yokkaichi,242021,ﾖｯｶｲﾁｼ,24
伊勢市,ise,242039,ｲｾｼ,24
松阪市,matsusaka,242047,ﾏﾂｻｶｼ,24
桑名市,kuwana,242055,ｸﾜﾅｼ,24
鈴鹿市,suzuka,242071,ｽｽﾞｶｼ,24
名張市,nabari,242080,ﾅﾊﾞﾘｼ,24
尾鷲市,owase,242098,ｵﾜｾｼ,24
亀山市,kameyama,242101,ｶﾒﾔﾏｼ,24
鳥羽市,toba,242110,ﾄﾊﾞｼ,24
熊野市,kumano,242128,ｸﾏﾉｼ,24
いなべ市,inabe,242144,ｲﾅﾍﾞｼ,24
志摩市,shima,242152,ｼﾏｼ,24
伊賀市,iga,242161,ｲｶﾞｼ,24
木曽岬町,kisosaki,243035,ｷｿｻｷﾁｮｳ,24
東員町,toin,243248,ﾄｳｲﾝﾁｮｳ,24
菰野町,komono,243418,ｺﾓﾉﾁｮｳ,24
朝日町,asahi,243434,ｱｻﾋﾁｮｳ,24
川越町,kawagoe,243442,ｶﾜｺﾞｴﾁｮｳ,24
多気町,taki,244414,ﾀｷﾁｮｳ,24
明和町,meiwa,244422,ﾒｲﾜﾁｮｳ,24
大台町,odai,244431,ｵｵﾀﾞｲﾁｮｳ,24
玉城町,tamaki,244619,ﾀﾏｷﾁｮｳ,24
度会町,watarai,244708,ﾜﾀﾗｲﾁｮｳ,24
大紀町,taiki,244716,ﾀｲｷﾁｮｳ,24
南伊勢町,minamiise,244724,ﾐﾅﾐｲｾﾁｮｳ,24
紀北町,kihoku,245437,ｷﾎｸﾁｮｳ,24
御浜町,mihama,245615,ﾐﾊﾏﾁｮｳ,24
紀宝町,kiho,245623,ｷﾎｳﾁｮｳ,24
大津市,otsu,252018,ｵｵﾂｼ,25
彦根市,hikone,252026,ﾋｺﾈｼ,25
長浜市,nagahama,252034,ﾅｶﾞﾊﾏｼ,25
近江八幡市,omihachiman,252042,ｵｳﾐﾊﾁﾏﾝｼ,25
草津市,kusatsu,252069,ｸｻﾂｼ,25
守山市,moriyama,252077,ﾓﾘﾔﾏｼ,25
栗東市,ritto,252085,ﾘｯﾄｳｼ,25
甲賀市,koka,252093,ｺｳｶｼ,25
野洲市,yasu,252107,ﾔｽｼ,25
湖南市,konan,252115,ｺﾅﾝｼ,25
高島市,takashima,252123,ﾀｶｼﾏｼ,25
東近江市,higashiomi,252131,ﾋｶﾞｼｵｳﾐｼ,25
米原市,maibara,252140,ﾏｲﾊﾞﾗｼ,25
日野町,hino,253839,ﾋﾉﾁｮｳ,25
竜王町,ryuoh,253847,ﾘﾕｳｵｳﾁｮｳ,25
愛荘町,aisho,254258,ｱｲｼｮｳﾁｮｳ,25
豊郷町,toyosato,254410,ﾄﾖｻﾄﾁｮｳ,25
甲良町,koura,254428,ｺｳﾗﾁｮｳ,25
多賀町,taga,254436,ﾀｶﾞﾁｮｳ,25
京都市北区,kitaku,261017,ｷｮｳﾄｼｷﾀｸ,26
京都市上京区,kamigyoku,261025,ｷｮｳﾄｼｶﾐｷﾞｮｳｸ,26
京都市左京区,sakyoku,261033,ｷｮｳﾄｼｻｷｮｳｸ,26
京都市中京区,nakagyoku,261041,ｷｮｳﾄｼﾁｭｳｷｮｳｸ,26
京都市東山区,higashiyama,261050,ｷｮｳﾄｼﾋｶﾞｼﾔﾏｸ,26
京都市下京区,shimogyoku,261068,ｷｮｳﾄｼｼﾓｷﾞｮｳｸ,26
京都市南区,minamiku,261076,ｷｮｳﾄｼﾐﾅﾐｸ,26
京都市右京区,ukyoku,261084,ｷｮｳﾄｼｳｷｮｳｸ,26
京都市伏見区,fushimi,261092,ｷｮｳﾄｼﾌｼﾐｸ,26
京都市山科区,yamashinaku,261106,ｷｮｳﾄｼﾔﾏｼﾅｸ,26
京都市西京区,nishikyoku,261114,ｷｮｳﾄｼﾆｼｷｮｳｸ,26
福知山市,fukuchiyama,262013,ﾌｸﾁﾔﾏｼ,26
舞鶴市,maizuru,262021,ﾏｲﾂﾞﾙｼ,26
綾部市,ayabe,262030,ｱﾔﾍﾞｼ,26
宇治市,uji,262048,ｳｼﾞｼ,26
宮津市,miyazu,262056,ﾐﾔﾂﾞｼ,26
亀岡市,kameoka,262064,ｶﾒｵｶｼ,26
城陽市,joyo,262072,ｼﾞｮｳﾖｳｼ,26
向日市,muko,262081,ﾑｺｳｼ,26
長岡京市,nagaokakyo,262099,ﾅｶﾞｵｶｷｮｳｼ,26
八幡市,yawata,262102,ﾔﾜﾀｼ,26
京田辺市,kyotanabe,262111,ｷｮｳﾀﾅﾍﾞｼ,26
京丹後市,kyotango,262129,ｷｮｳﾀﾝｺﾞｼ,26
南丹市,nantan,262137,ﾅﾝﾀﾝｼ,26
木津川市,kizugawa,262145,ｷﾂﾞｶﾞﾜｼ,26
大山崎町,oyamazaki,263036,ｵｵﾔﾏｻﾞｷﾁｮｳ,26
久御山町,kumiyama,263222,ｸﾐﾔﾏﾁｮｳ,26
井手町,ide,263435,ｲﾃﾞﾁｮｳ,26
宇治田原町,ujitawara,263443,ｳｼﾞﾀﾜﾗﾁｮｳ,26
笠置町,kasagi,263648,ｶｻｷﾞﾁｮｳ,26
和束町,wazuka,263656,ﾜﾂﾞｶﾁｮｳ,26
精華町,seika,263664,ｾｲｶﾁｮｳ,26
南山城村,minamiyamashiro,263672,ﾐﾅﾐﾔﾏｼﾛﾑﾗ,26
京丹波町,kyotamba,264075,ｷｮｳﾀﾝﾊﾞﾁｮｳ,26
伊根町,ine,264636,ｲﾈﾁｮｳ,26
与謝野町,yosano,264652,ﾖｻﾉﾁｮｳ,26
大阪市都島区,miyakojimaku,271021,ｵｵｻｶｼﾐﾔｺｼﾞﾏｸ,27
大阪市福島区,fukushimaku,271039,ｵｵｻｶｼﾌｸｼﾏｸ,27
大阪市此花区,konohanaku,271047,ｵｵｻｶｼｺﾉﾊﾅｸ,27
大阪市西区,nishiku_1,271063,ｵｵｻｶｼﾆｼｸ,27
大阪市港区,minatoku,271071,ｵｵｻｶｼﾐﾅﾄｸ,27
大阪市大正区,taishoku,271080,ｵｵｻｶｼﾀｲｼｮｳｸ,27
大阪市天王寺区,tennojiku,271098,ｵｵｻｶｼﾃﾝﾉｳｼﾞｸ,27
大阪市浪速区,naniwaku,271110,ｵｵｻｶｼﾅﾆﾜｸ,27
大阪市西淀川区,nishiyodogawaku,271136,ｵｵｻｶｼﾆｼﾖﾄﾞｶﾞﾜｸ,27
大阪市東淀川区,higashiyodogawaku,271144,ｵｵｻｶｼﾋｶﾞｼﾖﾄﾞｶﾞﾜｸ,27
大阪市東成区,higashinariku,271152,ｵｵｻｶｼﾋｶﾞｼﾅﾘｸ,27
大阪市生野区,ikunoku,271161,ｵｵｻｶｼｲｸﾉｸ,27
大阪市旭区,asahiku,271179,ｵｵｻｶｼｱｻﾋｸ,27
大阪市城東区,jotoku,271187,ｵｵｻｶｼｼﾞｮｳﾄｳｸ,27
大阪市阿倍野区,abenoku,271195,ｵｵｻｶｼｱﾍﾞﾉｸ,27
大阪市住吉区,sumiyoshiku,271209,ｵｵｻｶｼｽﾐﾖｼｸ,27
大阪市東住吉区,higashisumiyoshiku,271217,ｵｵｻｶｼﾋｶﾞｼｽﾐﾖｼｸ,27
大阪市西成区,nishinariku,271225,ｵｵｻｶｼﾆｼﾅﾘｸ,27
大阪市淀川区,yodogawaku,271233,ｵｵｻｶｼﾖﾄﾞｶﾞﾜｸ,27
大阪市鶴見区,tsurumiku,271241,ｵｵｻｶｼﾂﾙﾐｸ,27
大阪市住之江区,suminoeku,271250,ｵｵｻｶｼｽﾐﾉｴｸ,27
大阪市平野区,hiranoku,271268,ｵｵｻｶｼﾋﾗﾉｸ,27
大阪市北区,kitaku_1,271276,ｵｵｻｶｼｷﾀｸ,27
大阪市中央区,chuoku,271284,ｵｵｻｶｼﾁｭｳｵｳｸ,27
堺市堺区,sakaiku,271411,ｻｶｲｼｻｶｲｸ,27
堺市中区,nakaku,271420,ｻｶｲｼﾅｶｸ,27
堺市東区,higashiku,271438,ｻｶｲｼﾋｶﾞｼｸ,27
堺市西区,nishiku_2,271446,ｻｶｲｼﾆｼｸ,27
堺市南区,minamiku,271454,ｻｶｲｼﾐﾅﾐｸ,27
堺市北区,kitaku_2,271462,ｻｶｲｼｷﾀｸ,27
堺市美原区,miharaku,271471,ｻｶｲｼﾐﾊﾗｸ,27
岸和田市,kishiwada,272027,ｷｼﾜﾀﾞｼ,27
豊中市,toyonaka,272035,ﾄﾖﾅｶｼ,27
池田市,ikeda,272043,ｲｹﾀﾞｼ,27
吹田市,suita,272051,ｽｲﾀｼ,27
泉大津市,izumiotsu,272060,ｲｽﾞﾐｵｵﾂｼ,27
高槻市,takatsuki,272078,ﾀｶﾂｷｼ,27
貝塚市,kaizuka,272086,ｶｲﾂﾞｶｼ,27
守口市,moriguchi,272094,ﾓﾘｸﾞﾁｼ,27
枚方市,hirakata,272108,ﾋﾗｶﾀｼ,27
茨木市,ibaraki,272116,ｲﾊﾞﾗｷｼ,27
八尾市,yao,272124,ﾔｵｼ,27
泉佐野市,izumisano,272132,ｲｽﾞﾐｻﾉｼ,27
富田林市,tondabayashi,272141,ﾄﾝﾀﾞﾊﾞﾔｼｼ,27
寝屋川市,neyagawa,272159,ﾈﾔｶﾞﾜｼ,27
河内長野市,kawachinagano,272167,ｶﾜﾁﾅｶﾞﾉｼ,27
松原市,matsubara,272175,ﾏﾂﾊﾞﾗｼ,27
大東市,daito,272183,ﾀﾞｲﾄｳｼ,27
和泉市,izumi,272191,ｲｽﾞﾐｼ,27
箕面市,mino,272205,ﾐﾉｵｼ,27
柏原市,kashiwara,272213,ｶｼﾜﾗｼ,27
羽曳野市,habikino,272221,ﾊﾋﾞｷﾉｼ,27
門真市,kadoma,272230,ｶﾄﾞﾏｼ,27
摂津市,settsu,272248,ｾｯﾂｼ,27
高石市,takaishi,272256,ﾀｶｲｼｼ,27
藤井寺市,fujiidera,272264,ﾌｼﾞｲﾃﾞﾗｼ,27
東大阪市,higashiosaka,272272,ﾋｶﾞｼｵｵｻｶｼ,27
泉南市,sennan,272281,ｾﾝﾅﾝｼ,27
四條畷市,shijonawate,272299,ｼｼﾞﾖｳﾅﾜﾃｼ,27
交野市,katano,272302,ｶﾀﾉｼ,27
大阪狭山市,osakasayama,272311,ｵｵｻｶｻﾔﾏｼ,27
阪南市,hannan,272329,ﾊﾝﾅﾝｼ,27
島本町,shimamoto,273015,ｼﾏﾓﾄﾁｮｳ,27
豊能町,toyono,273210,ﾄﾖﾉﾁｮｳ,27
能勢町,nose,273228,ﾉｾﾁｮｳ,27
忠岡町,tadaoka,273414,ﾀﾀﾞｵｶﾁｮｳ,27
熊取町,kumatori,273619,ｸﾏﾄﾘﾁｮｳ,27
田尻町,tajiri,273627,ﾀｼﾞﾘﾁｮｳ,27
岬町,misaki,273660,ﾐｻｷﾁｮｳ,27
太子町,taishi,273813,ﾀｲｼﾁｮｳ,27
河南町,kanan,273821,ｶﾅﾝﾁｮｳ,27
千早赤阪村,chihayaakasaka,273830,ﾁﾊﾔｱｶｻｶﾑﾗ,27
神戸市東灘区,higashinadaku,281018,ｺｳﾍﾞｼﾋｶﾞｼﾅﾀﾞｸ,28
神戸市灘区,nadaku,281026,ｺｳﾍﾞｼﾅﾀﾞｸ,28
神戸市兵庫区,hyogoku,281051,ｺｳﾍﾞｼﾋｮｳｺﾞｸ,28
神戸市長田区,nagataku,281069,ｺｳﾍﾞｼﾅｶﾞﾀｸ,28
神戸市須磨区,sumaku,281077,ｺｳﾍﾞｼｽﾏｸ,28
神戸市垂水区,tarumiku,281085,ｺｳﾍﾞｼﾀﾙﾐｸ,28
神戸市北区,kitaku,281093,ｺｳﾍﾞｼｷﾀｸ,28
神戸市中央区,chuoku,281107,ｺｳﾍﾞｼﾁｭｳｵｳｸ,28
神戸市西区,nishiku,281115,ｺｳﾍﾞｼﾆｼｸ,28
姫路市,himeji,282014,ﾋﾒｼﾞｼ,28
尼崎市,amagasaki,282022,ｱﾏｶﾞｻｷｼ,28
明石市,akashi,282031,ｱｶｼｼ,28
西宮市,nishinomiya,282049,ﾆｼﾉﾐﾔｼ,28
洲本市,sumoto,282057,ｽﾓﾄｼ,28
芦屋市,ashiya,282065,ｱｼﾔｼ,28
伊丹市,itami,282073,ｲﾀﾐｼ,28
相生市,aioi,282081,ｱｲｵｲｼ,28
豊岡市,toyooka,282090,ﾄﾖｵｶｼ,28
加古川市,kakogawa,282103,ｶｺｶﾞﾜｼ,28
赤穂市,ako,282120,ｱｺｳｼ,28
西脇市,nishiwaki,282138,ﾆｼﾜｷｼ,28
宝塚市,takarazuka,282146,ﾀｶﾗﾂﾞｶｼ,28
三木市,miki,282154,ﾐｷｼ,28
高砂市,takasago,282162,ﾀｶｻｺﾞｼ,28
川西市,kawanishi,282171,ｶﾜﾆｼｼ,28
小野市,ono,282189,ｵﾉｼ,28
三田市,sanda,282197,ｻﾝﾀﾞｼ,28
加西市,kasai,282201,ｶｻｲｼ,28
丹波篠山市,tanbasasayama,282219,ﾀﾝﾊﾞｻｻﾔﾏｼ,28
養父市,yabu,282227,ﾔﾌﾞｼ,28
丹波市,tanba,282235,ﾀﾝﾊﾞｼ,28
南あわじ市,minamiawaji,282243,ﾐﾅﾐｱﾜｼﾞｼ,28
朝来市,asago,282251,ｱｻｺﾞｼ,28
淡路市,awaji,282260,ｱﾜｼﾞｼ,28
宍粟市,shiso,282278,ｼｿｳｼ,28
加東市,kato,282286,ｶﾄｳｼ,28
たつの市,tatsuno,282294,ﾀﾂﾉｼ,28
猪名川町,inagawa,283011,ｲﾅｶﾞﾜﾁｮｳ,28
多可町,taka,283657,ﾀｶﾁｮｳ,28
稲美町,inami,283819,ｲﾅﾐﾁｮｳ,28
播磨町,harima,283827,ﾊﾘﾏﾁｮｳ,28
市川町,ichikawa,284424,ｲﾁｶﾜﾁｮｳ,28
福崎町,fukusaki,284432,ﾌｸｻｷﾁｮｳ,28
神河町,kamikawa,284467,ｶﾐｶﾜﾁｮｳ,28
太子町,taishi,284645,ﾀｲｼﾁｮｳ,28
上郡町,kamigori,284815,ｶﾐｺﾞｵﾘﾁｮｳ,28
佐用町,sayo,285013,ｻﾖｳﾁｮｳ,28
香美町,kami,285854,ｶﾐﾁｮｳ,28
新温泉町,shinonsen,285862,ｼﾝｵﾝｾﾝﾁｮｳ,28
奈良市,nara,292010,ﾅﾗｼ,29
大和高田市,yamatotakada,292028,ﾔﾏﾄﾀｶﾀﾞｼ,29
大和郡山市,yamatokoriyama,292036,ﾔﾏﾄｺｵﾘﾔﾏｼ,29
天理市,tenri,292044,ﾃﾝﾘｼ,29
橿原市,kashihara,292052,ｶｼﾊﾗｼ,29
桜井市,sakurai,292061,ｻｸﾗｲｼ,29
五條市,gojo,292079,ｺﾞｼﾞｮｳｼ,29
御所市,gose,292087,ｺﾞｾｼ,29
生駒市,ikoma,292095,ｲｺﾏｼ,29
香芝市,kashiba,292109,ｶｼﾊﾞｼ,29
葛城市,katsuragi,292117,ｶﾂﾗｷﾞｼ,29
宇陀市,uda,292125,ｳﾀﾞｼ,29
山添村,yamazoe,293229,ﾔﾏｿﾞｴﾑﾗ,29
平群町,heguri,293423,ﾍｸﾞﾘﾁｮｳ,29
三郷町,sango,293431,ｻﾝｺﾞｳﾁｮｳ,29
斑鳩町,ikaruga,293440,ｲｶﾙｶﾞﾁｮｳ,29
安堵町,ando,293458,ｱﾝﾄﾞﾁｮｳ,29
川西町,kawanishi,293610,ｶﾜﾆｼﾁｮｳ,29
三宅町,miyake,293628,ﾐﾔｹﾁｮｳ,29
田原本町,tawaramoto,293636,ﾀﾜﾗﾓﾄﾁｮｳ,29
曽爾村,soni,293857,ｿﾆﾑﾗ,29
御杖村,mitsue,293865,ﾐﾂｴﾑﾗ,29
高取町,takatori,294012,ﾀｶﾄﾘﾁｮｳ,29
明日香村,asuka,294021,ｱｽｶﾑﾗ,29
上牧町,kanmaki,294241,ｶﾝﾏｷﾁｮｳ,29
王寺町,oji,294250,ｵｳｼﾞﾁｮｳ,29
広陵町,koryo,294268,ｺｳﾘﾖｳﾁｮｳ,29
河合町,kawai,294276,ｶﾜｲﾁｮｳ,29
吉野町,yoshino,294411,ﾖｼﾉﾁｮｳ,29
大淀町,oyodo,294420,ｵｵﾖﾄﾞﾁｮｳ,29
下市町,shimoichi,294438,ｼﾓｲﾁﾁｮｳ,29
黒滝村,kurotaki,294446,ｸﾛﾀｷﾑﾗ,29
天川村,tenkawa,294462,ﾃﾝｶﾜﾑﾗ,29
野迫川村,nosegawa,294471,ﾉｾｶﾞﾜﾑﾗ,29
十津川村,totsukawa,294497,ﾄﾂｶﾜﾑﾗ,29
下北山村,shimokitayama,294501,ｼﾓｷﾀﾔﾏﾑﾗ,29
上北山村,kamikitayama,294519,ｶﾐｷﾀﾔﾏﾑﾗ,29
川上村,kawakami,294527,ｶﾜｶﾐﾑﾗ,29
東吉野村,higashiyoshino,294535,ﾋｶﾞｼﾖｼﾉﾑﾗ,29
和歌山市,wakayama,302015,ﾜｶﾔﾏｼ,30
海南市,kainan,302023,ｶｲﾅﾝｼ,30
橋本市,hashimoto,302031,ﾊｼﾓﾄｼ,30
有田市,arida,302040,ｱﾘﾀﾞｼ,30
御坊市,gobo,302058,ｺﾞﾎﾞｳｼ,30
田辺市,tanabe,302066,ﾀﾅﾍﾞｼ,30
新宮市,shingu,302074,ｼﾝｸﾞｳｼ,30
紀の川市,kinokawa,302082,ｷﾉｶﾜｼ,30
岩出市,iwade,302091,ｲﾜﾃﾞｼ,30
紀美野町,kimino,303046,ｷﾐﾉﾁｮｳ,30
かつらぎ町,katsuragi,303411,ｶﾂﾗｷﾞﾁｮｳ,30
九度山町,kudoyama,303437,ｸﾄﾞﾔﾏﾁｮｳ,30
高野町,koya,303445,ｺｳﾔﾁｮｳ,30
湯浅町,yuasa,303615,ﾕｱｻﾁｮｳ,30
広川町,hirogawa,303623,ﾋﾛｶﾞﾜﾁｮｳ,30
有田川町,aridagawa,303666,ｱﾘﾀﾞｶﾞﾜﾁｮｳ,30
美浜町,mihama,303810,ﾐﾊﾏﾁｮｳ,30
日高町,hidaka,303828,ﾋﾀﾞｶﾁｮｳ,30
由良町,yura,303836,ﾕﾗﾁｮｳ,30
印南町,inami,303909,ｲﾅﾐﾁｮｳ,30
みなべ町,minabe,303917,ﾐﾅﾍﾞﾁｮｳ,30
日高川町,hidakagawa,303925,ﾋﾀﾞｶｶﾞﾜﾁｮｳ,30
白浜町,shirahama,304018,ｼﾗﾊﾏﾁｮｳ,30
上富田町,kamitonda,304042,ｶﾐﾄﾝﾀﾞﾁｮｳ,30
すさみ町,susami,304069,ｽｻﾐﾁｮｳ,30
那智勝浦町,nachikatsuura,304212,ﾅﾁｶﾂｳﾗﾁｮｳ,30
太地町,taiji,304221,ﾀｲｼﾞﾁｮｳ,30
古座川町,kozagawa,304247,ｺｻﾞｶﾞﾜﾁｮｳ,30
北山村,kitayama,304271,ｷﾀﾔﾏﾑﾗ,30
串本町,kushimoto,304280,ｸｼﾓﾄﾁｮｳ,30
鳥取市,tottori,312011,ﾄｯﾄﾘｼ,31
米子市,yonago,312029,ﾖﾅｺﾞｼ,31
倉吉市,kurayoshi,312037,ｸﾗﾖｼｼ,31
境港市,sakaiminato,312045,ｻｶｲﾐﾅﾄｼ,31
岩美町,iwami,313025,ｲﾜﾐﾁｮｳ,31
若桜町,wakasa,313254,ﾜｶｻﾁｮｳ,31
智頭町,chizu,313289,ﾁﾂﾞﾁｮｳ,31
八頭町,yazu,313297,ﾔｽﾞﾁｮｳ,31
三朝町,misasa,313645,ﾐｻｻﾁｮｳ,31
湯梨浜町,yurihama,313700,ﾕﾘﾊﾏﾁｮｳ,31
琴浦町,kotoura,313718,ｺﾄｳﾗﾁｮｳ,31
北栄町,hokuei,313726,ﾎｸｴｲﾁｮｳ,31
日吉津村,hiezu,313840,ﾋｴﾂﾞｿﾝ,31
大山町,daisen,313866,ﾀﾞｲｾﾝﾁｮｳ,31
南部町,nanbu,313891,ﾅﾝﾌﾞﾁｮｳ,31
伯耆町,houki,313904,ﾎｳｷﾁｮｳ,31
日南町,nichinan,314013,ﾆﾁﾅﾝﾁｮｳ,31
日野町,hino,314021,ﾋﾉﾁｮｳ,31
江府町,kofu,314030,ｺｳﾌﾁｮｳ,31
松江市,matsue,322016,ﾏﾂｴｼ,32
浜田市,hamada,322024,ﾊﾏﾀﾞｼ,32
出雲市,izumo,322032,ｲｽﾞﾓｼ,32
益田市,masuda,322041,ﾏｽﾀﾞｼ,32
大田市,ohda,322059,ｵｵﾀﾞｼ,32
安来市,yasugi,322067,ﾔｽｷﾞｼ,32
江津市,gotsu,322075,ｺﾞｳﾂｼ,32
雲南市,unnan,322091,ｳﾝﾅﾝｼ,32
奥出雲町,okuizumo,323438,ｵｸｲｽﾞﾓﾁｮｳ,32
飯南町,iinan,323861,ｲｲﾅﾝﾁｮｳ,32
川本町,kawamoto,324418,ｶﾜﾓﾄﾏﾁ,32
美郷町,misato,324485,ﾐｻﾄﾁｮｳ,32
邑南町,ohnan,324493,ｵｵﾅﾝﾁｮｳ,32
津和野町,tsuwano,325015,ﾂﾜﾉﾁｮｳ,32
吉賀町,yoshika,325058,ﾖｼｶﾁｮｳ,32
海士町,ama,325252,ｱﾏﾁｮｳ,32
西ノ島町,nishinoshima,325261,ﾆｼﾉｼﾏﾁｮｳ,32
知夫村,chibu,325279,ﾁﾌﾞﾑﾗ,32
隠岐の島町,okinoshima,325287,ｵｷﾉｼﾏﾁｮｳ,32
岡山市北区,kitaku,331015,ｵｶﾔﾏｼｷﾀｸ,33
岡山市中区,nakaku,331023,ｵｶﾔﾏｼﾅｶｸ,33
岡山市東区,higashiku,331031,ｵｶﾔﾏｼﾋｶﾞｼｸ,33
岡山市南区,minamiku,331040,ｵｶﾔﾏｼﾐﾅﾐｸ,33
倉敷市,kurashiki,332020,ｸﾗｼｷｼ,33
津山市,tsuyama,332038,ﾂﾔﾏｼ,33
玉野市,tamano,332046,ﾀﾏﾉｼ,33
笠岡市,kasaoka,332054,ｶｻｵｶｼ,33
井原市,ibara,332071,ｲﾊﾞﾗｼ,33
総社市,soja,332089,ｿｳｼﾞﾔｼ,33
高梁市,takahashi,332097,ﾀｶﾊｼｼ,33
新見市,niimi,332101,ﾆｲﾐｼ,33
備前市,bizen,332119,ﾋﾞｾﾞﾝｼ,33
瀬戸内市,setouchi,332127,ｾﾄｳﾁｼ,33
赤磐市,akaiwa,332135,ｱｶｲﾜｼ,33
真庭市,maniwa,332143,ﾏﾆﾜｼ,33
美作市,mimasaka,332151,ﾐﾏｻｶｼ,33
浅口市,asakuchi,332160,ｱｻｸﾁｼ,33
和気町,wake,333468,ﾜｹﾁｮｳ,33
早島町,hayashima,334235,ﾊﾔｼﾏﾁｮｳ,33
里庄町,satosho,334456,ｻﾄｼｮｳﾁｮｳ,33
矢掛町,yakage,334618,ﾔｶｹﾞﾁｮｳ,33
新庄村,shinjo,335860,ｼﾝｼﾞﾖｳｿﾝ,33
鏡野町,kagamino,336068,ｶｶﾞﾐﾉﾁｮｳ,33
勝央町,shoo,336220,ｼｮｳｵｳﾁｮｳ,33
奈義町,nagi,336238,ﾅｷﾞﾁｮｳ,33
西粟倉村,nishiawakura,336432,ﾆｼｱﾜｸﾗｿﾝ,33
久米南町,kumenan,336637,ｸﾒﾅﾝﾁｮｳ,33
美咲町,misaki,336661,ﾐｻｷﾁｮｳ,33
吉備中央町,kibichuo,336815,ｷﾋﾞﾁｭｳｵｳﾁｮｳ,33
広島市中区,chuoku,341011,ﾋﾛｼﾏｼﾅｶｸ,34
広島市東区,higashikku,341029,ﾋﾛｼﾏｼﾋｶﾞｼｸ,34
広島市南区,minamiku,341037,ﾋﾛｼﾏｼﾐﾅﾐｸ,34
広島市西区,nishiku,341045,ﾋﾛｼﾏｼﾆｼｸ,34
広島市安佐南区,asaminamiku,341053,ﾋﾛｼﾏｼｱｻﾐﾅﾐｸ,34
広島市安佐北区,asakitaku,341061,ﾋﾛｼﾏｼｱｻｷﾀｸ,34
広島市安芸区,akiku,341070,ﾋﾛｼﾏｼｱｷｸ,34
広島市佐伯区,saekiku,341088,ﾋﾛｼﾏｼｻｴｷｸ,34
呉市,kure,342025,ｸﾚｼ,34
竹原市,takehara,342033,ﾀｹﾊﾗｼ,34
三原市,mihara,342041,ﾐﾊﾗｼ,34
尾道市,onomichi,342050,ｵﾉﾐﾁｼ,34
福山市,fukuyama,342076,ﾌｸﾔﾏｼ,34
府中市,fuchu_1,342084,ﾌﾁｭｳｼ,34
三次市,miyoshi,342092,ﾐﾖｼｼ,34
庄原市,shobara,342106,ｼｮｳﾊﾞﾗｼ,34
大竹市,otake,342114,ｵｵﾀｹｼ,34
東広島市,higashihiroshima,342122,ﾋｶﾞｼﾋﾛｼﾏｼ,34
廿日市市,hatsukaichi,342131,ﾊﾂｶｲﾁｼ,34
安芸高田市,akitakata,342149,ｱｷﾀｶﾀｼ,34
江田島市,etajima,342157,ｴﾀｼﾞﾏｼ,34
府中町,fuchu,343021,ﾌﾁｭｳﾁｮｳ,34
海田町,kaita,343048,ｶｲﾀﾁｮｳ,34
熊野町,kumano,343072,ｸﾏﾉﾁｮｳ,34
坂町,saka,343099,ｻｶﾁｮｳ,34
安芸太田町,akiota,343684,ｱｷｵｵﾀﾁｮｳ,34
北広島町,kitahiroshima,343692,ｷﾀﾋﾛｼﾏﾁｮｳ,34
大崎上島町,osakikamijima,344311,ｵｵｻｷｶﾐｼﾞﾏﾁｮｳ,34
世羅町,sera,344621,ｾﾗﾁｮｳ,34
神石高原町,jinsekikogen,345458,ｼﾞﾝｾｷｺｳｹﾞﾝﾁｮｳ,34
下関市,shimonoseki,352012,ｼﾓﾉｾｷｼ,35
宇部市,ube,352021,ｳﾍﾞｼ,35
山口市,yamaguchi,352039,ﾔﾏｸﾞﾁｼ,35
萩市,hagi,352047,ﾊｷﾞｼ,35
防府市,hofu,352063,ﾎｳﾌｼ,35
下松市,kudamatsu,352071,ｸﾀﾞﾏﾂｼ,35
岩国市,iwakuni,352080,ｲﾜｸﾆｼ,35
光市,hikari,352101,ﾋｶﾘｼ,35
長門市,nagato,352110,ﾅｶﾞﾄｼ,35
柳井市,yanai,352128,ﾔﾅｲｼ,35
美祢市,mine,352136,ﾐﾈｼ,35
周南市,shunan,352152,ｼｭｳﾅﾝｼ,35
山陽小野田市,sanyoonoda,352161,ｻﾝﾖｳｵﾉﾀﾞｼ,35
周防大島町,suooshima,353051,ｽｵｳｵｵｼﾏﾁｮｳ,35
和木町,waki,353213,ﾜｷﾁｮｳ,35
上関町,kaminoseki,353418,ｶﾐﾉｾｷﾁｮｳ,35
田布施町,tabuse,353434,ﾀﾌﾞｾﾁｮｳ,35
平生町,hirao,353442,ﾋﾗｵﾁｮｳ,35
阿武町,abu,355020,ｱﾌﾞﾁｮｳ,35
徳島市,tokushima,362018,ﾄｸｼﾏｼ,36
鳴門市,naruto,362026,ﾅﾙﾄｼ,36
小松島市,komatsushima,362034,ｺﾏﾂｼﾏｼ,36
阿南市,anan,362042,ｱﾅﾝｼ,36
吉野川市,yoshinogawa,362051,ﾖｼﾉｶﾞﾜｼ,36
阿波市,awa,362069,ｱﾜｼ,36
美馬市,mima,362077,ﾐﾏｼ,36
三好市,miyoshi,362085,ﾐﾖｼｼ,36
勝浦町,katsuura,363014,ｶﾂｳﾗﾁｮｳ,36
上勝町,kamikatsu,363022,ｶﾐｶﾂﾁｮｳ,36
佐那河内村,sanagochi,363219,ｻﾅｺﾞｳﾁｿﾝ,36
石井町,ishii,363413,ｲｼｲﾁｮｳ,36
神山町,kamiyama,363421,ｶﾐﾔﾏﾁｮｳ,36
那賀町,naka,363685,ﾅｶﾁｮｳ,36
牟岐町,mugi,363839,ﾑｷﾞﾁｮｳ,36
美波町,minami,363871,ﾐﾅﾐﾁｮｳ,36
海陽町,kaiyo,363880,ｶｲﾖｳﾁｮｳ,36
松茂町,matsushige,364011,ﾏﾂｼｹﾞﾁｮｳ,36
北島町,kitajima,364029,ｷﾀｼﾞﾏﾁｮｳ,36
藍住町,aizumi,364037,ｱｲｽﾞﾐﾁｮｳ,36
板野町,itano,364045,ｲﾀﾉﾁｮｳ,36
上板町,kamiita,364053,ｶﾐｲﾀﾁｮｳ,36
つるぎ町,tsurugi,364681,ﾂﾙｷﾞﾁｮｳ,36
東みよし町,higashimiyoshi,364894,ﾋｶﾞｼﾐﾖｼﾁｮｳ,36
高松市,takamatsu,372013,ﾀｶﾏﾂｼ,37
丸亀市,marugame,372021,ﾏﾙｶﾞﾒｼ,37
坂出市,sakaide,372030,ｻｶｲﾃﾞｼ,37
善通寺市,zentsuji,372048,ｾﾞﾝﾂｳｼﾞｼ,37
観音寺市,kanonji,372056,ｶﾝｵﾝｼﾞｼ,37
さぬき市,sanuki,372064,ｻﾇｷｼ,37
東かがわ市,higashikagawa,372072,ﾋｶﾞｼｶｶﾞﾜｼ,37
三豊市,mitoyo,372081,ﾐﾄﾖｼ,37
土庄町,tonosho,373222,ﾄﾉｼｮｳﾁｮｳ,37
小豆島町,shodoshima,373249,ｼｮｳﾄﾞｼﾏﾁｮｳ,37
三木町,miki,373419,ﾐｷﾁｮｳ,37
直島町,naoshima,373648,ﾅｵｼﾏﾁｮｳ,37
宇多津町,utazu,373869,ｳﾀﾂﾞﾁｮｳ,37
綾川町,ayagawa,373877,ｱﾔｶﾞﾜﾁｮｳ,37
琴平町,kotohira,374032,ｺﾄﾋﾗﾁｮｳ,37
多度津町,tadotsu,374041,ﾀﾄﾞﾂﾁｮｳ,37
まんのう町,manno,374067,ﾏﾝﾉｳﾁｮｳ,37
松山市,matsuyama,382019,ﾏﾂﾔﾏｼ,38
今治市,imabari,382027,ｲﾏﾊﾞﾘｼ,38
宇和島市,uwajima,382035,ｳﾜｼﾞﾏｼ,38
八幡浜市,yawatahama,382043,ﾔﾜﾀﾊﾏｼ,38
新居浜市,niihama,382051,ﾆｲﾊﾏｼ,38
西条市,saijo,382060,ｻｲｼﾞｮｳｼ,38
大洲市,ozu,382078,ｵｵｽﾞｼ,38
伊予市,iyo,382108,ｲﾖｼ,38
四国中央市,shikokuchuo,382132,ｼｺｸﾁｭｳｵｳｼ,38
西予市,seiyo,382141,ｾｲﾖｼ,38
東温市,toon,382159,ﾄｳｵﾝｼ,38
上島町,kamijima,383562,ｶﾐｼﾞﾏﾁｮｳ,38
久万高原町,kumakogen,383864,ｸﾏｺｳｹﾞﾝﾁｮｳ,38
松前町,masaki,384011,ﾏｻｷﾁｮｳ,38
砥部町,tobe,384020,ﾄﾍﾞﾁｮｳ,38
内子町,uchiko,384224,ｳﾁｺﾁｮｳ,38
伊方町,ikata,384429,ｲｶﾀﾁｮｳ,38
松野町,matsuno,384844,ﾏﾂﾉﾁｮｳ,38
鬼北町,kihoku,384887,ｷﾎｸﾁｮｳ,38
愛南町,ainan,385069,ｱｲﾅﾝﾁｮｳ,38
高知市,kochi,392014,ｺｳﾁｼ,39
室戸市,muroto,392022,ﾑﾛﾄｼ,39
安芸市,aki,392031,ｱｷｼ,39
南国市,nankoku,392049,ﾅﾝｺｸｼ,39
土佐市,tosa_1,392057,ﾄｻｼ,39
須崎市,susaki,392065,ｽｻｷｼ,39
宿毛市,sukumo,392081,ｽｸﾓｼ,39
土佐清水市,tosashimizu,392090,ﾄｻｼﾐｽﾞｼ,39
四万十市,shimanto_1,392103,ｼﾏﾝﾄｼ,39
香南市,konan,392111,ｺｳﾅﾝｼ,39
香美市,kami,392120,ｶﾐｼ,39
東洋町,toyo,393011,ﾄｳﾖｳﾁｮｳ,39
奈半利町,nahari,393029,ﾅﾊﾘﾁｮｳ,39
田野町,tano,393037,ﾀﾉﾁｮｳ,39
安田町,yasuda,393045,ﾔｽﾀﾞﾁｮｳ,39
北川村,kitagawa,393053,ｷﾀｶﾞﾜﾑﾗ,39
馬路村,umaji,393061,ｳﾏｼﾞﾑﾗ,39
芸西村,geisei,393070,ｹﾞｲｾｲﾑﾗ,39
本山町,motoyama,393410,ﾓﾄﾔﾏﾁｮｳ,39
大豊町,otoyo,393444,ｵｵﾄﾖﾁｮｳ,39
土佐町,tosa_2,393631,ﾄｻﾁｮｳ,39
大川村,okawa,393649,ｵｵｶﾜﾑﾗ,39
いの町,ino,393860,ｲﾉﾁｮｳ,39
仁淀川町,niyodogawa,393878,ﾆﾖﾄﾞｶﾞﾜﾁｮｳ,39
中土佐町,nakatosa,394017,ﾅｶﾄｻﾁｮｳ,39
佐川町,sakawa,394025,ｻｶﾜﾁｮｳ,39
越知町,ochi,394033,ｵﾁﾁｮｳ,39
梼原町,yusuhara,394050,ﾕｽﾊﾗﾁｮｳ,39
日高村,hidaka,394106,ﾋﾀﾞｶﾑﾗ,39
津野町,tsuno,394114,ﾂﾉﾁｮｳ,39
四万十町,shimanto_2,394122,ｼﾏﾝﾄﾁｮｳ,39
大月町,otsuki,394246,ｵｵﾂｷﾁｮｳ,39
三原村,mihara,394271,ﾐﾊﾗﾑﾗ,39
黒潮町,kuroshio,394289,ｸﾛｼｵﾁｮｳ,39
北九州市門司区,mojiku,401013,ｷﾀｷｭｳｼｭｳｼﾓｼﾞｸ,40
北九州市若松区,wakamatsuku,401030,ｷﾀｷｭｳｼｭｳｼﾜｶﾏﾂｸ,40
北九州市戸畑区,tobataku,401056,ｷﾀｷｭｳｼｭｳｼﾄﾊﾞﾀｸ,40
北九州市小倉北区,kokurakitaku,401064,ｷﾀｷｭｳｼｭｳｼｺｸﾗｷﾀｸ,40
北九州市小倉南区,kokuraminamiku,401072,ｷﾀｷｭｳｼｭｳｼｺｸﾗﾐﾅﾐｸ,40
北九州市八幡東区,yahatahigashiku,401081,ｷﾀｷｭｳｼｭｳｼﾔﾊﾀﾋｶﾞｼｸ,40
北九州市八幡西区,yahatanishiku,401099,ｷﾀｷｭｳｼｭｳｼﾔﾊﾀﾆｼｸ,40
福岡市東区,higashiku,401315,ﾌｸｵｶｼﾋｶﾞｼｸ,40
福岡市博多区,hakataku,401323,ﾌｸｵｶｼﾊｶﾀｸ,40
福岡市中央区,chuoku,401331,ﾌｸｵｶｼﾁｭｳｵｳｸ,40
福岡市南区,minamiku,401340,ﾌｸｵｶｼﾐﾅﾐｸ,40
福岡市西区,nishiku,401358,ﾌｸｵｶｼﾆｼｸ,40
福岡市城南区,jonanku,401366,ﾌｸｵｶｼｼﾞｮｳﾅﾝｸ,40
福岡市早良区,sawaraku,401374,ﾌｸｵｶｼｻﾜﾗｸ,40
大牟田市,omuta,402028,ｵｵﾑﾀｼ,40
久留米市,kurume,402036,ｸﾙﾒｼ,40
直方市,nogata,402044,ﾉｵｶﾞﾀｼ,40
飯塚市,iizuka,402052,ｲｲﾂﾞｶｼ,40
田川市,tagawa,402061,ﾀｶﾞﾜｼ,40
柳川市,yanagawa,402079,ﾔﾅｶﾞﾜｼ,40
八女市,yame,402109,ﾔﾒｼ,40
筑後市,chikugo,402117,ﾁｸｺﾞｼ,40
大川市,okawa,402125,ｵｵｶﾜｼ,40
行橋市,yukuhashi,402133,ﾕｸﾊｼｼ,40
豊前市,buzen,402141,ﾌﾞｾﾞﾝｼ,40
中間市,nakama,402150,ﾅｶﾏｼ,40
小郡市,ogori,402168,ｵｺﾞｵﾘｼ,40
筑紫野市,chikushino,402176,ﾁｸｼﾉｼ,40
春日市,kasuga,402184,ｶｽｶﾞｼ,40
大野城市,onojo,402192,ｵｵﾉｼﾞｮｳｼ,40
宗像市,munakata,402206,ﾑﾅｶﾀｼ,40
太宰府市,dazaifu,402214,ﾀﾞｻﾞｲﾌｼ,40
古賀市,koga,402231,ｺｶﾞｼ,40
福津市,fukutsu,402249,ﾌｸﾂｼ,40
うきは市,ukiha,402257,ｳｷﾊｼ,40
宮若市,miyawaka,402265,ﾐﾔﾜｶｼ,40
嘉麻市,kama,402273,ｶﾏｼ,40
朝倉市,asakura,402281,ｱｻｸﾗｼ,40
みやま市,miyama,402290,ﾐﾔﾏｼ,40
糸島市,itoshima,402303,ｲﾄｼﾏｼ,40
那珂川市,nakagawa,402311,ﾅｶｶﾞﾜｼ,40
宇美町,umi,403415,ｳﾐﾏﾁ,40
篠栗町,sasaguri,403423,ｻｻｸﾞﾘﾏﾁ,40
志免町,shime,403431,ｼﾒﾏﾁ,40
須恵町,sue,403440,ｽｴﾏﾁ,40
新宮町,shingu,403458,ｼﾝｸﾞｳﾏﾁ,40
久山町,hisayama,403482,ﾋｻﾔﾏﾏﾁ,40
粕屋町,kasuya,403491,ｶｽﾔﾏﾁ,40
芦屋町,ashiya,403814,ｱｼﾔﾏﾁ,40
水巻町,mizumaki,403822,ﾐｽﾞﾏｷﾏﾁ,40
岡垣町,okagaki,403831,ｵｶｶﾞｷﾏﾁ,40
遠賀町,onga,403849,ｵﾝｶﾞﾁｮｳ,40
小竹町,kotake,404012,ｺﾀｹﾏﾁ,40
鞍手町,kurate,404021,ｸﾗﾃﾏﾁ,40
桂川町,keisen,404217,ｹｲｾﾝﾏﾁ,40
筑前町,chikuzen,404471,ﾁｸｾﾞﾝﾏﾁ,40
東峰村,toho,404489,ﾄｳﾎｳﾑﾗ,40
大刀洗町,tachiarai,405035,ﾀﾁｱﾗｲﾏﾁ,40
大木町,ooki,405221,ｵｵｷﾏﾁ,40
広川町,hirokawa,405442,ﾋﾛｶﾜﾏﾁ,40
香春町,kawara,406015,ｶﾜﾗﾏﾁ,40
添田町,soeda,406023,ｿｴﾀﾞﾏﾁ,40
糸田町,itoda,406040,ｲﾄﾀﾞﾏﾁ,40
川崎町,kawasaki,406058,ｶﾜｻｷﾏﾁ,40
大任町,oto,406082,ｵｵﾄｳﾏﾁ,40
赤村,aka,406091,ｱｶﾑﾗ,40
福智町,fukuchi,406104,ﾌｸﾁﾏﾁ,40
苅田町,kanda,406210,ｶﾝﾀﾞﾏﾁ,40
みやこ町,miyako,406252,ﾐﾔｺﾏﾁ,40
吉富町,yoshitomi,406422,ﾖｼﾄﾐﾏﾁ,40
上毛町,koge,406465,ｺｳｹﾞﾏﾁ,40
築上町,chikujo,406473,ﾁｸｼﾞｮｳﾏﾁ,40
佐賀市,saga,412015,ｻｶﾞｼ,41
唐津市,karatsu,412023,ｶﾗﾂｼ,41
鳥栖市,tosu,412031,ﾄｽｼ,41
多久市,taku,412040,ﾀｸｼ,41
伊万里市,imari,412058,ｲﾏﾘｼ,41
武雄市,takeo,412066,ﾀｹｵｼ,41
鹿島市,kashima,412074,ｶｼﾏｼ,41
小城市,ogi,412082,ｵｷﾞｼ,41
嬉野市,ureshino,412091,ｳﾚｼﾉｼ,41
神埼市,kanzaki,412104,ｶﾝｻﾞｷｼ,41
吉野ヶ里町,yoshinogari,413275,ﾖｼﾉｶﾞﾘﾁｮｳ,41
基山町,kiyama,413411,ｷﾔﾏﾁｮｳ,41
上峰町,kamimine,413453,ｶﾐﾐﾈﾁｮｳ,41
みやき町,miyaki,413461,ﾐﾔｷﾁｮｳ,41
玄海町,genkai,413879,ｹﾞﾝｶｲﾁｮｳ,41
有田町,arita,414018,ｱﾘﾀﾁｮｳ,41
大町町,omachi,414239,ｵｵﾏﾁﾁｮｳ,41
江北町,kouhoku,414247,ｺｳﾎｸﾏﾁ,41
白石町,shiroishi,414255,ｼﾛｲｼﾁｮｳ,41
太良町,tara,414417,ﾀﾗﾁｮｳ,41
長崎市,nagasaki,422011,ﾅｶﾞｻｷｼ,42
佐世保市,sasebo,422029,ｻｾﾎﾞｼ,42
島原市,shimabara,422037,ｼﾏﾊﾞﾗｼ,42
諫早市,isahaya,422045,ｲｻﾊﾔｼ,42
大村市,omura,422053,ｵｵﾑﾗｼ,42
平戸市,hirado,422070,ﾋﾗﾄﾞｼ,42
松浦市,matsuura,422088,ﾏﾂｳﾗｼ,42
対馬市,tsushima,422096,ﾂｼﾏｼ,42
壱岐市,iki,422100,ｲｷｼ,42
五島市,goto,422118,ｺﾞﾄｳｼ,42
西海市,saikai,422126,ｻｲｶｲｼ,42
雲仙市,unzen,422134,ｳﾝｾﾞﾝｼ,42
南島原市,minamishimabara,422142,ﾐﾅﾐｼﾏﾊﾞﾗｼ,42
長与町,nagayo,423076,ﾅｶﾞﾖﾁｮｳ,42
時津町,togitsu,423084,ﾄｷﾞﾂﾁｮｳ,42
東彼杵町,higashisonogi,423211,ﾋｶﾞｼｿﾉｷﾞﾁｮｳ,42
川棚町,kawatana,423220,ｶﾜﾀﾅﾁｮｳ,42
波佐見町,hasami,423238,ﾊｻﾐﾁｮｳ,42
小値賀町,ojika,423831,ｵﾁﾞｶﾁｮｳ,42
佐々町,saza,423912,ｻｻﾞﾁｮｳ,42
新上五島町,shinkamigoto,424111,ｼﾝｶﾐｺﾞﾄｳﾁｮｳ,42
熊本市中央区,chuoku,431010,ｸﾏﾓﾄｼﾁｭｳｵｳｸ,43
熊本市東区,higashiku,431028,ｸﾏﾓﾄｼﾋｶﾞｼｸ,43
熊本市西区,nishiku,431036,ｸﾏﾓﾄｼﾆｼｸ,43
熊本市南区,minamiku,431044,ｸﾏﾓﾄｼﾐﾅﾐｸ,43
熊本市北区,kitaku,431052,ｸﾏﾓﾄｼｷﾀｸ,43
八代市,yatsushiro,432024,ﾔﾂｼﾛｼ,43
人吉市,hitoyoshi,432032,ﾋﾄﾖｼｼ,43
荒尾市,arao,432041,ｱﾗｵｼ,43
水俣市,minamata,432059,ﾐﾅﾏﾀｼ,43
玉名市,tamana,432067,ﾀﾏﾅｼ,43
山鹿市,yamaga,432083,ﾔﾏｶﾞｼ,43
菊池市,kikuchi,432105,ｷｸﾁｼ,43
宇土市,uto,432113,ｳﾄｼ,43
上天草市,kamiamakusa,432121,ｶﾐｱﾏｸｻｼ,43
宇城市,uki,432130,ｳｷｼ,43
阿蘇市,aso,432148,ｱｿｼ,43
天草市,amakusa,432156,ｱﾏｸｻｼ,43
合志市,koshi,432164,ｺｳｼｼ,43
美里町,misato,433489,ﾐｻﾄﾏﾁ,43
玉東町,gyokuto,433641,ｷﾞｮｸﾄｳﾏﾁ,43
南関町,nankan,433675,ﾅﾝｶﾝﾏﾁ,43
長洲町,nagasu,433683,ﾅｶﾞｽﾏﾁ,43
和水町,nagomi,433691,ﾅｺﾞﾐﾏﾁ,43
大津町,ozu,434035,ｵｵﾂﾞﾏﾁ,43
菊陽町,kikuyo,434043,ｷｸﾖｳﾏﾁ,43
南小国町,minamioguni,434230,ﾐﾅﾐｵｸﾞﾆﾏﾁ,43
小国町,oguni,434248,ｵｸﾞﾆﾏﾁ,43
産山村,ubuyama,434256,ｳﾌﾞﾔﾏﾑﾗ,43
高森町,takamori,434281,ﾀｶﾓﾘﾏﾁ,43
西原村,nishihara,434329,ﾆｼﾊﾗﾑﾗ,43
南阿蘇村,minamiaso,434337,ﾐﾅﾐｱｿﾑﾗ,43
御船町,mifune,434418,ﾐﾌﾈﾏﾁ,43
嘉島町,kashima,434426,ｶｼﾏﾏﾁ,43
益城町,mashiki,434434,ﾏｼｷﾏﾁ,43
甲佐町,kosa,434442,ｺｳｻﾏﾁ,43
山都町,yamato,434477,ﾔﾏﾄﾁｮｳ,43
氷川町,hikawa,434680,ﾋｶﾜﾁｮｳ,43
芦北町,ashikita,434825,ｱｼｷﾀﾏﾁ,43
津奈木町,tsunagi,434841,ﾂﾅｷﾞﾏﾁ,43
錦町,nishiki,435015,ﾆｼｷﾏﾁ,43
多良木町,taragi,435058,ﾀﾗｷﾞﾏﾁ,43
湯前町,yunomae,435066,ﾕﾉﾏｴﾏﾁ,43
水上村,mizukami,435074,ﾐｽﾞｶﾐﾑﾗ,43
相良村,sagara,435104,ｻｶﾞﾗﾑﾗ,43
五木村,itsuki,435112,ｲﾂｷﾑﾗ,43
山江村,yamae,435121,ﾔﾏｴﾑﾗ,43
球磨村,kuma,435139,ｸﾏﾑﾗ,43
あさぎり町,asagiri,435147,ｱｻｷﾞﾘﾁｮｳ,43
苓北町,reihoku,435317,ﾚｲﾎｸﾏﾁ,43
大分市,oita,442011,ｵｵｲﾀｼ,44
別府市,beppu,442020,ﾍﾞｯﾌﾟｼ,44
中津市,nakatsu,442038,ﾅｶﾂｼ,44
日田市,hita,442046,ﾋﾀｼ,44
佐伯市,saiki,442054,ｻｲｷｼ,44
臼杵市,usuki,442062,ｳｽｷｼ,44
津久見市,tsukumi,442071,ﾂｸﾐｼ,44
竹田市,taketa,442089,ﾀｹﾀｼ,44
豊後高田市,bungotakada,442097,ﾌﾞﾝｺﾞﾀｶﾀﾞｼ,44
杵築市,kitsuki,442101,ｷﾂｷｼ,44
宇佐市,usa,442119,ｳｻｼ,44
豊後大野市,bungoohno,442127,ﾌﾞﾝｺﾞｵｵﾉｼ,44
由布市,yufu,442135,ﾕﾌｼ,44
国東市,kunisaki,442143,ｸﾆｻｷｼ,44
姫島村,himeshima,443221,ﾋﾒｼﾏﾑﾗ,44
日出町,hiji,443417,ﾋｼﾞﾏﾁ,44
九重町,kokonoe,444618,ｺｺﾉｴﾏﾁ,44
玖珠町,kusu,444626,ｸｽﾏﾁ,44
宮崎市,miyazaki,452017,ﾐﾔｻﾞｷｼ,45
都城市,miyakonojo,452025,ﾐﾔｺﾉｼﾞｮｳｼ,45
延岡市,nobeoka,452033,ﾉﾍﾞｵｶｼ,45
日南市,nichinan,452041,ﾆﾁﾅﾝｼ,45
小林市,kobayashi,452050,ｺﾊﾞﾔｼｼ,45
日向市,hyuga,452068,ﾋｭｳｶﾞｼ,45
串間市,kushima,452076,ｸｼﾏｼ,45
西都市,saito,452084,ｻｲﾄｼ,45
えびの市,ebino,452092,ｴﾋﾞﾉｼ,45
三股町,mimata,453412,ﾐﾏﾀﾁｮｳ,45
高原町,takaharu,453617,ﾀｶﾊﾙﾁｮｳ,45
国富町,kunitomi,453820,ｸﾆﾄﾐﾁｮｳ,45
綾町,aya,453838,ｱﾔﾁｮｳ,45
高鍋町,takanabe,454010,ﾀｶﾅﾍﾞﾁｮｳ,45
新富町,shintomi,454028,ｼﾝﾄﾐﾁｮｳ,45
西米良村,nishimera,454036,ﾆｼﾒﾗｿﾝ,45
木城町,kijo,454044,ｷｼﾞｮｳﾁｮｳ,45
川南町,kawaminami,454052,ｶﾜﾐﾅﾐﾁｮｳ,45
都農町,tsuno,454061,ﾂﾉﾁｮｳ,45
門川町,kadokawa,454214,ｶﾄﾞｶﾞﾜﾁｮｳ,45
諸塚村,morotsuka,454290,ﾓﾛﾂｶｿﾝ,45
椎葉村,shiiba,454303,ｼｲﾊﾞｿﾝ,45
美郷町,misato,454311,ﾐｻﾄﾁｮｳ,45
高千穂町,takahiho,454419,ﾀｶﾁﾎﾁｮｳ,45
日之影町,hinokage,454427,ﾋﾉｶｹﾞﾁｮｳ,45
五ヶ瀬町,gokase,454435,ｺﾞｶｾﾁｮｳ,45
鹿児島市,kagoshima,462012,ｶｺﾞｼﾏｼ,46
鹿屋市,kanoya,462039,ｶﾉﾔｼ,46
枕崎市,makurazaki,462047,ﾏｸﾗｻﾞｷｼ,46
阿久根市,akune,462063,ｱｸﾈｼ,46
出水市,izumi,462080,ｲｽﾞﾐｼ,46
指宿市,ibusuki,462101,ｲﾌﾞｽｷｼ,46
西之表市,nishinoomote,462136,ﾆｼﾉｵﾓﾃｼ,46
垂水市,tarumizu,462144,ﾀﾙﾐｽﾞｼ,46
薩摩川内市,satsumasendai,462152,ｻﾂﾏｾﾝﾀﾞｲｼ,46
日置市,hioki,462161,ﾋｵｷｼ,46
曽於市,soo,462179,ｿｵｼ,46
霧島市,kirishima,462187,ｷﾘｼﾏｼ,46
いちき串木野市,ichikikushikino,462195,ｲﾁｷｸｼｷﾉｼ,46
南さつま市,minamisatsuma,462209,ﾐﾅﾐｻﾂﾏｼ,46
志布志市,shibushi,462217,ｼﾌﾞｼｼ,46
奄美市,amami,462225,ｱﾏﾐｼ,46
南九州市,minamikyushu,462233,ﾐﾅﾐｷｭｳｼｭｳｼ,46
伊佐市,isa,462241,ｲｻｼ,46
姶良市,aira,462250,ｱｲﾗｼ,46
三島村,mishima,463035,ﾐｼﾏﾑﾗ,46
十島村,tokara,463043,ﾄｼﾏﾑﾗ,46
さつま町,satsuma,463922,ｻﾂﾏﾁｮｳ,46
長島町,nagashima,464040,ﾅｶﾞｼﾏﾁｮｳ,46
湧水町,yusui,464520,ﾕｳｽｲﾁｮｳ,46
大崎町,osaki,464686,ｵｵｻｷﾁｮｳ,46
東串良町,higashikushira,464821,ﾋｶﾞｼｸｼﾗﾁｮｳ,46
錦江町,kinko,464902,ｷﾝｺｳﾁｮｳ,46
南大隅町,minamiosumi,464911,ﾐﾅﾐｵｵｽﾐﾁｮｳ,46
肝付町,kimotsuki,464929,ｷﾓﾂｷﾁｮｳ,46
中種子町,nakatane,465011,ﾅｶﾀﾈﾁｮｳ,46
南種子町,minamitane,465020,ﾐﾅﾐﾀﾈﾁｮｳ,46
屋久島町,yakushima,465054,ﾔｸｼﾏﾁｮｳ,46
大和村,yamato,465232,ﾔﾏﾄｿﾝ,46
宇検村,uken,465241,ｳｹﾝｿﾝ,46
瀬戸内町,setouchi,465259,ｾﾄｳﾁﾁｮｳ,46
龍郷町,tatsugo,465275,ﾀﾂｺﾞｳﾁｮｳ,46
喜界町,kikai,465291,ｷｶｲﾁｮｳ,46
徳之島町,tokunoshima,465305,ﾄｸﾉｼﾏﾁｮｳ,46
天城町,amagi,465313,ｱﾏｷﾞﾁｮｳ,46
伊仙町,isen,465321,ｲｾﾝﾁｮｳ,46
和泊町,wadomari,465330,ﾜﾄﾞﾏﾘﾁｮｳ,46
知名町,china,465348,ﾁﾅﾁｮｳ,46
与論町,yoron,465356,ﾖﾛﾝﾁｮｳ,46
那覇市,naha,472018,ﾅﾊｼ,47
宜野湾市,ginowan,472051,ｷﾞﾉﾜﾝｼ,47
石垣市,ishigaki,472077,ｲｼｶﾞｷｼ,47
浦添市,urasoe,472085,ｳﾗｿｴｼ,47
名護市,nago,472093,ﾅｺﾞｼ,47
糸満市,itoman,472107,ｲﾄﾏﾝｼ,47
沖縄市,okinawa,472115,ｵｷﾅﾜｼ,47
豊見城市,tomigusuku,472123,ﾄﾐｸﾞｽｸｼ,47
うるま市,uruma,472131,ｳﾙﾏｼ,47
宮古島市,miyakojima,472140,ﾐﾔｺｼﾞﾏｼ,47
南城市,nanjo,472158,ﾅﾝｼﾞｮｳｼ,47
国頭村,kunigami,473014,ｸﾆｶﾞﾐｿﾝ,47
大宜味村,ogimi,473022,ｵｵｷﾞﾐｿﾝ,47
東村,higashi,473031,ﾋｶﾞｼｿﾝ,47
今帰仁村,nakijin,473065,ﾅｷｼﾞﾝｿﾝ,47
本部町,motobu,473081,ﾓﾄﾌﾞﾁｮｳ,47
恩納村,onna,473111,ｵﾝﾅｿﾝ,47
宜野座村,ginoza,473138,ｷﾞﾉｻﾞｿﾝ,47
金武町,kin,473146,ｷﾝﾁｮｳ,47
伊江村,iejima,473154,ｲｴｿﾝ,47
読谷村,yomitan,473243,ﾖﾐﾀﾝｿﾝ,47
嘉手納町,kadena,473251,ｶﾃﾞﾅﾁｮｳ,47
北谷町,chatan,473260,ﾁﾔﾀﾝﾁｮｳ,47
北中城村,kitanakagusuku,473278,ｷﾀﾅｶｸﾞｽｸｿﾝ,47
中城村,nakagusuku,473286,ﾅｶｸﾞｽｸｿﾝ,47
西原町,nishihara,473294,ﾆｼﾊﾗﾁｮｳ,47
与那原町,yonabaru,473481,ﾖﾅﾊﾞﾙﾁｮｳ,47
南風原町,haebaru,473502,ﾊｴﾊﾞﾙﾁｮｳ,47
渡嘉敷村,tokashiki,473537,ﾄｶｼｷｿﾝ,47
座間味村,zamami,473545,ｻﾞﾏﾐｿﾝ,47
粟国村,aguni,473553,ｱｸﾞﾆｿﾝ,47
渡名喜村,tonaki,473561,ﾄﾅｷｿﾝ,47
南大東村,minamidaito,473570,ﾐﾅﾐﾀﾞｲﾄｳｿﾝ,47
北大東村,kitadaito,473588,ｷﾀﾀﾞｲﾄｳｿﾝ,47
伊平屋村,iheya,473596,ｲﾍﾔｿﾝ,47
伊是名村,izena,473600,ｲｾﾞﾅｿﾝ,47
久米島町,kumejima,473618,ｸﾒｼﾞﾏﾁｮｳ,47
八重瀬町,yaese,473626,ﾔｴｾﾁｮｳ,47
多良間村,tarama,473758,ﾀﾗﾏｿﾝ,47
竹富町,taketomi,473812,ﾀｹﾄﾐﾁｮｳ,47
与那国町,yonaguni,473821,ﾖﾅｸﾞﾆﾁｮｳ,47
アイスランド共和国,iceland,52001,ｱｲｽﾗﾝﾄﾞｷｮｳﾜｺｸ,52
アイルランド,ireland,52002,ｱｲﾙﾗﾝﾄﾞ,52
アゼルバイジャン共和国,azerbaijan,52003,ｱｾﾞﾙﾊﾞｲｼﾞｬﾝｷｮｳﾜｺｸ,52
アフガニスタン・イスラム共和国,afghanistan,53004,ｱﾌｶﾞﾆｽﾀﾝ･ｲｽﾗﾑｷｮｳﾜｺｸ,53
アメリカ合衆国,usa,50005,ｱﾒﾘｶｶﾞｯｼｭｳｺｸ,50
アラブ首長国連邦,uae,53006,ｱﾗﾌﾞｼｭﾁｮｳｺｸﾚﾝﾎﾟｳ,53
アルジェリア民主人民共和国,algeria,54007,ｱﾙｼﾞｪﾘｱﾐﾝｼｭｼﾞﾝﾐﾝｷｮｳﾜｺｸ,54
アルゼンチン共和国,argentina,51008,ｱﾙｾﾞﾝﾁﾝｷｮｳﾜｺｸ,51
アルバニア共和国,albania,52009,ｱﾙﾊﾞﾆｱｷｮｳﾜｺｸ,52
アルメニア共和国,armenia,52010,ｱﾙﾒﾆｱｷｮｳﾜｺｸ,52
アンゴラ共和国,angola,54011,ｱﾝｺﾞﾗｷｮｳﾜｺｸ,54
アンティグア・バーブーダ,antigua_and_Barbuda,51012,ｱﾝﾃｨｸﾞｱ･ﾊﾞｰﾌﾞｰﾀﾞ,51
アンドラ公国,andorra,52013,ｱﾝﾄﾞﾗｺｳｺｸ,52
イエメン共和国,yemen,53014,ｲｴﾒﾝｷｮｳﾜｺｸ,53
イスラエル国,israel,53015,ｲｽﾗｴﾙｺｸ,53
イタリア共和国,italy,52016,ｲﾀﾘｱｷｮｳﾜｺｸ,52
イラク共和国,iraq,53017,ｲﾗｸｷｮｳﾜｺｸ,53
イラン・イスラム共和国,iran,53018,ｲﾗﾝ･ｲｽﾗﾑｷｮｳﾜｺｸ,53
インド,india,48019,ｲﾝﾄﾞ,48
インドネシア共和国,indonesia,48020,ｲﾝﾄﾞﾈｼｱｷｮｳﾜｺｸ,48
ウガンダ共和国,uganda,54021,ｳｶﾞﾝﾀﾞｷｮｳﾜｺｸ,54
ウクライナ,ukraine,52022,ｳｸﾗｲﾅ,52
ウズベキスタン共和国,uzbekistan,52023,ｳｽﾞﾍﾞｷｽﾀﾝｷｮｳﾜｺｸ,52
ウルグアイ東方共和国,uruguay,51024,ｳﾙｸﾞｱｲﾄｳﾎｳｷｮｳﾜｺｸ,51
英国（グレートブリテン及び北アイルランド連合王国）,uk,52025,ｴｲｺｸ (ｸﾞﾚｰﾄﾌﾞﾘﾃﾝｵﾖﾋﾞ ｷﾀｱｲﾙﾗﾝﾄﾞﾚﾝｺﾞｳｵｳｺｸ),52
エクアドル共和国,ecuador,51026,ｴｸｱﾄﾞﾙｷｮｳﾜｺｸ,51
エジプト・アラブ共和国,Egypt,54027,ｴｼﾞﾌﾟﾄ･ｱﾗﾌﾞｷｮｳﾜｺｸ,54
エストニア共和国,estonia,52028,ｴｽﾄﾆｱｷｮｳﾜｺｸ,52
エスワティニ王国,eswatini,54029,ｴｽﾜﾃｨﾆｵｳｺｸ,54
エチオピア連邦民主共和国,ethiopia,54030,ｴﾁｵﾋﾟｱﾚﾝﾎﾟｳﾐﾝｼｭｷｮｳﾜｺｸ,54
エリトリア国,eritrea,54031,ｴﾘﾄﾘｱｺｸ,54
エルサルバドル共和国,elsalvador,51032,ｴﾙｻﾙﾊﾞﾄﾞﾙｷｮｳﾜｺｸ,51
オーストラリア連邦,australia,49033,ｵｰｽﾄﾗﾘｱﾚﾝﾎﾟｳ,49
オーストリア共和国,austria,52034,ｵｰｽﾄﾘｱｷｮｳﾜｺｸ,52
オマーン国,oman,53035,ｵﾏｰﾝｺｸ,53
オランダ王国,netherlands,52036,ｵﾗﾝﾀﾞｵｳｺｸ,52
ガーナ共和国,ghana,54037,ｶﾞｰﾅｷｮｳﾜｺｸ,54
カーボベルデ共和国,caboverde,54038,ｶｰﾎﾞﾍﾞﾙﾃﾞｷｮｳﾜｺｸ,54
ガイアナ共和国,guyana,51039,ｶﾞｲｱﾅｷｮｳﾜｺｸ,51
カザフスタン共和国,kazakhstan,52040,ｶｻﾞﾌｽﾀﾝｷｮｳﾜｺｸ,52
カタール国,qatar,53041,ｶﾀｰﾙｺｸ,53
カナダ,canada,50042,ｶﾅﾀﾞ,50
ガボン共和国,gabon,54043,ｶﾞﾎﾞﾝｷｮｳﾜｺｸ,54
カメルーン共和国,cameroon,54044,ｶﾒﾙｰﾝｷｮｳﾜｺｸ,54
ガンビア共和国,gambia,54045,ｶﾞﾝﾋﾞｱｷｮｳﾜｺｸ,54
カンボジア王国,cambodia,48046,ｶﾝﾎﾞｼﾞｱｵｳｺｸ,48
北朝鮮,northkorea,48047,ｷﾀﾁｮｳｾﾝ,48
北マケドニア共和国,northmacedonia,52048,ｷﾀﾏｹﾄﾞﾆｱｷｮｳﾜｺｸ,52
ギニア共和国,guinea,54049,ｷﾞﾆｱｷｮｳﾜｺｸ,54
ギニアビサウ共和国,guineabissau,54050,ｷﾞﾆｱﾋﾞｻｳｷｮｳﾜｺｸ,54
キプロス共和国,cyprus,52051,ｷﾌﾟﾛｽｷｮｳﾜｺｸ,52
キューバ共和国,cuba,51052,ｷｭｰﾊﾞｷｮｳﾜｺｸ,51
ギリシャ共和国,greece,52053,ｷﾞﾘｼｬｷｮｳﾜｺｸ,52
キリバス共和国,kiribati,48054,ｷﾘﾊﾞｽｷｮｳﾜｺｸ,48
キルギス共和国,kyrgyzstan,52055,ｷﾙｷﾞｽｷｮｳﾜｺｸ,52
グアテマラ共和国,guatemala,51056,ｸﾞｱﾃﾏﾗｷｮｳﾜｺｸ,51
クウェート国,kuwait,53057,ｸｳｪｰﾄｺｸ,53
クック諸島,cookislands,49058,ｸｯｸｼｮﾄｳ,49
グレナダ,grenada,51059,ｸﾞﾚﾅﾀﾞ,51
クロアチア共和国,croatia,52060,ｸﾛｱﾁｱｷｮｳﾜｺｸ,52
ケニア共和国,kenya,54061,ｹﾆｱｷｮｳﾜｺｸ,54
コートジボワール共和国,cotedIvoire,54062,ｺｰﾄｼﾞﾎﾞﾜｰﾙｷｮｳﾜｺｸ,54
コスタリカ共和国,costarica,51063,ｺｽﾀﾘｶｷｮｳﾜｺｸ,51
コソボ共和国,kosovo,52064,ｺｿﾎﾞｷｮｳﾜｺｸ,52
コモロ連合,comoros,54065,ｺﾓﾛﾚﾝｺﾞｳ,54
コロンビア共和国,colombia,51066,ｺﾛﾝﾋﾞｱｷｮｳﾜｺｸ,51
コンゴ共和国,congo_r,54067,ｺﾝｺﾞｷｮｳﾜｺｸ,54
コンゴ民主共和国,congo_dr,54068,ｺﾝｺﾞﾐﾝｼｭｷｮｳﾜｺｸ,54
サウジアラビア王国,saudiarabia,53069,ｻｳｼﾞｱﾗﾋﾞｱｵｳｺｸ,53
サモア独立国,samoa,48070,ｻﾓｱﾄﾞｸﾘﾂｺｸ,48
サントメ・プリンシペ民主共和国,santomeprincipe,54071,ｻﾝﾄﾒ･ﾌﾟﾘﾝｼﾍﾟﾐﾝｼｭｷｮｳﾜｺｸ,54
ザンビア共和国,zambia,54072,ｻﾞﾝﾋﾞｱｷｮｳﾜｺｸ,54
サンマリノ共和国,sanmarino,52073,ｻﾝﾏﾘﾉｷｮｳﾜｺｸ,52
シエラレオネ共和国,sierraleone,54074,ｼｴﾗﾚｵﾈｷｮｳﾜｺｸ,54
ジブチ共和国,djibouti,54075,ｼﾞﾌﾞﾁｷｮｳﾜｺｸ,54
ジャマイカ,jamaica,51076,ｼﾞｬﾏｲｶ,51
ジョージア,georgia,52077,ｼﾞｮｰｼﾞｱ,52
シリア・アラブ共和国,syria,53078,ｼﾘｱ･ｱﾗﾌﾞｷｮｳﾜｺｸ,53
シンガポール共和国,singapore,48079,ｼﾝｶﾞﾎﾟｰﾙｷｮｳﾜｺｸ,48
ジンバブエ共和国,zimbabwe,54080,ｼﾞﾝﾊﾞﾌﾞｴｷｮｳﾜｺｸ,54
スイス連邦,switzerland,52081,ｽｲｽﾚﾝﾎﾟｳ,52
スウェーデン王国,sweden,52082,ｽｳｪｰﾃﾞﾝｵｳｺｸ,52
スーダン共和国,sudan,54083,ｽｰﾀﾞﾝｷｮｳﾜｺｸ,54
スペイン,spain,52084,ｽﾍﾟｲﾝ,52
スリナム共和国,suriname,51085,ｽﾘﾅﾑｷｮｳﾜｺｸ,51
スリランカ民主社会主義共和国,srilanka,48086,ｽﾘﾗﾝｶﾐﾝｼｭｼｬｶｲｼｭｷﾞｷｮｳﾜｺｸ,48
スロバキア共和国,slovakia,52087,ｽﾛﾊﾞｷｱｷｮｳﾜｺｸ,52
スロベニア共和国,slovenia,52088,ｽﾛﾍﾞﾆｱｷｮｳﾜｺｸ,52
セーシェル共和国,seychelles,54089,ｾｰｼｪﾙｷｮｳﾜｺｸ,54
赤道ギニア共和国,equatorialguinea,54090,ｾｷﾄﾞｳｷﾞﾆｱｷｮｳﾜｺｸ,54
セネガル共和国,senegal,54091,ｾﾈｶﾞﾙｷｮｳﾜｺｸ,54
セルビア共和国,serbia,52092,ｾﾙﾋﾞｱｷｮｳﾜｺｸ,52
セントクリストファー・ネービス,saintchristophernevis,51093,ｾﾝﾄｸﾘｽﾄﾌｧｰ･ﾈｰﾋﾞｽ,51
セントビンセント及びグレナディーン諸島,saintvincentgrenadines,51094,ｾﾝﾄﾋﾞﾝｾﾝﾄｵﾖﾋﾞ ｸﾞﾚﾅﾃﾞｨｰﾝｼｮﾄｳ,51
セントルシア,saintlucia,51095,ｾﾝﾄﾙｼｱ,51
ソマリア連邦共和国,somalia,54096,ｿﾏﾘｱﾚﾝﾎﾟｳｷｮｳﾜｺｸ,54
ソロモン諸島,solomonislands,49097,ｿﾛﾓﾝｼｮﾄｳ,49
タイ王国,thailand,48098,ﾀｲｵｳｺｸ,48
大韓民国,korea,48099,ﾀﾞｲｶﾝﾐﾝｺｸ,48
台湾,taiwan,48100,ﾀｲﾜﾝ,48
タジキスタン共和国,tajikistan,52101,ﾀｼﾞｷｽﾀﾝｷｮｳﾜｺｸ,52
タンザニア連合共和国,tanzania,54102,ﾀﾝｻﾞﾆｱﾚﾝｺﾞｳｷｮｳﾜｺｸ,54
チェコ共和国,czech,52103,ﾁｪｺｷｮｳﾜｺｸ,52
チャド共和国,chad,54104,ﾁｬﾄﾞｷｮｳﾜｺｸ,54
中央アフリカ共和国,centralafrican,54105,ﾁｭｳｵｳｱﾌﾘｶｷｮｳﾜｺｸ,54
中華人民共和国,china,48106,ﾁｭｳｶｼﾞﾝﾐﾝｷｮｳﾜｺｸ,48
チュニジア共和国,tunisia,54107,ﾁｭﾆｼﾞｱｷｮｳﾜｺｸ,54
チリ共和国,chile,51108,ﾁﾘｷｮｳﾜｺｸ,51
ツバル,tuvalu,49109,ﾂﾊﾞﾙ,49
デンマーク王国,denmark,52110,ﾃﾞﾝﾏｰｸｵｳｺｸ,52
ドイツ連邦共和国,germany,52111,ﾄﾞｲﾂﾚﾝﾎﾟｳｷｮｳﾜｺｸ,52
トーゴ共和国,togo,54112,ﾄｰｺﾞｷｮｳﾜｺｸ,54
ドミニカ国,dominica,51113,ﾄﾞﾐﾆｶｺｸ,51
ドミニカ共和国,dominican,51114,ﾄﾞﾐﾆｶｷｮｳﾜｺｸ,51
トリニダード・トバゴ共和国,trinidadtobago,51115,ﾄﾘﾆﾀﾞｰﾄﾞﾄﾊﾞｺﾞｷｮｳﾜｺｸ,51
トルクメニスタン,turkmenistan,52116,ﾄﾙｸﾒﾆｽﾀﾝ,52
トルコ共和国,turkey,53117,ﾄﾙｺｷｮｳﾜｺｸ,53
トンガ王国,tonga,49118,ﾄﾝｶﾞｵｳｺｸ,49
ナイジェリア連邦共和国,nigeria,54119,ﾅｲｼﾞｪﾘｱﾚﾝﾎﾟｳｷｮｳﾜｺｸ,54
ナウル共和国,nauru,49120,ﾅｳﾙｷｮｳﾜｺｸ,49
ナミビア共和国,namibia,54121,ﾅﾐﾋﾞｱｷｮｳﾜｺｸ,54
ニウエ,niue,49122,ﾆｳｴ,49
ニカラグア共和国,nicaragua,51123,ﾆｶﾗｸﾞｱｷｮｳﾜｺｸ,51
ニジェール共和国,niger,54124,ﾆｼﾞｪｰﾙｷｮｳﾜｺｸ,54
ニュージーランド,newzealand,49125,ﾆｭｰｼﾞｰﾗﾝﾄﾞ,49
ネパール連邦民主共和国,nepal,48126,ﾈﾊﾟｰﾙﾚﾝﾎﾟｳﾐﾝｼｭｷｮｳﾜｺｸ,48
ノルウェー王国,norway,52127,ﾉﾙｳｪｰｵｳｺｸ,52
バーレーン王国,bahrain,53128,ﾊﾞｰﾚｰﾝｵｳｺｸ,53
ハイチ共和国,haiti,51129,ﾊｲﾁｷｮｳﾜｺｸ,51
パキスタン・イスラム共和国,pakistan,48130,ﾊﾟｷｽﾀﾝ･ｲｽﾗﾑｷｮｳﾜｺｸ,48
バチカン市国,vatican,52131,ﾊﾞﾁｶﾝｼｺｸ,52
パナマ共和国,panama,51132,ﾊﾟﾅﾏｷｮｳﾜｺｸ,51
バヌアツ共和国,vanuatu,49133,ﾊﾞﾇｱﾂｷｮｳﾜｺｸ,49
バハマ国,bahamas,51134,ﾊﾞﾊﾏｺｸ,51
パプアニューギニア独立国,papuanewguinea,49135,ﾊﾟﾌﾟｱﾆｭｰｷﾞﾆｱﾄﾞｸﾘﾂｺｸ,49
パラオ共和国,palau,49136,ﾊﾟﾗｵｷｮｳﾜｺｸ,49
パラグアイ共和国,paraguay,51137,ﾊﾟﾗｸﾞｱｲｷｮｳﾜｺｸ,51
バルバドス,barbados,51138,ﾊﾞﾙﾊﾞﾄﾞｽ,51
パレスチナ,palestine,53139,ﾊﾟﾚｽﾁﾅ,53
ハンガリー,hungary,52140,ﾊﾝｶﾞﾘｰ,52
バングラデシュ人民共和国,bangladesh,48141,ﾊﾞﾝｸﾞﾗﾃﾞｼｭｼﾞﾝﾐﾝｷｮｳﾜｺｸ,48
東ティモール民主共和国,timorleste,48142,ﾋｶﾞｼﾃｨﾓｰﾙﾐﾝｼｭｷｮｳﾜｺｸ,48
フィジー共和国,fiji,49143,ﾌｨｼﾞｰｷｮｳﾜｺｸ,49
フィリピン共和国,philippines,48144,ﾌｨﾘﾋﾟﾝｷｮｳﾜｺｸ,48
フィンランド共和国,finland,52145,ﾌｨﾝﾗﾝﾄﾞｷｮｳﾜｺｸ,52
ブータン王国,bhutan,48146,ﾌﾞｰﾀﾝｵｳｺｸ,48
ブラジル連邦共和国,brazil,51147,ﾌﾞﾗｼﾞﾙﾚﾝﾎﾟｳｷｮｳﾜｺｸ,51
フランス共和国,france,52148,ﾌﾗﾝｽｷｮｳﾜｺｸ,52
ブルガリア共和国,bulgaria,52149,ﾌﾞﾙｶﾞﾘｱｷｮｳﾜｺｸ,52
ブルキナファソ,burkinafaso,54150,ﾌﾞﾙｷﾅﾌｧｿ,54
ブルネイ・ダルサラーム国,brunei,48151,ﾌﾞﾙﾈｲ･ﾀﾞﾙｻﾗｰﾑｺｸ,48
ブルンジ共和国,burundi,54152,ﾌﾞﾙﾝｼﾞｷｮｳﾜｺｸ,54
ベトナム社会主義共和国,vietnam,48153,ﾍﾞﾄﾅﾑｼｬｶｲｼｭｷﾞｷｮｳﾜｺｸ,48
ベナン共和国,benin,54154,ﾍﾞﾅﾝｷｮｳﾜｺｸ,54
ベネズエラ・ボリバル共和国,venezuelabolivar,51155,ﾍﾞﾈｽﾞｴﾗ･ﾎﾞﾘﾊﾞﾙｷｮｳﾜｺｸ,51
ベラルーシ共和国,belarus,52156,ﾍﾞﾗﾙｰｼｷｮｳﾜｺｸ,52
ベリーズ,belize,51157,ﾍﾞﾘｰｽﾞ,51
ペルー共和国,peru,51158,ﾍﾟﾙｰｷｮｳﾜｺｸ,51
ベルギー王国,belgium,52159,ﾍﾞﾙｷﾞｰｵｳｺｸ,52
ポーランド共和国,poland,52160,ﾎﾟｰﾗﾝﾄﾞｷｮｳﾜｺｸ,52
ボスニア・ヘルツェゴビナ,bosniaherzegovina,52161,ﾎﾞｽﾆｱ･ﾍﾙﾂｪｺﾞﾋﾞﾅ,52
ボツワナ共和国,botswana,54162,ﾎﾞﾂﾜﾅｷｮｳﾜｺｸ,54
ボリビア多民族国,bolivia,51163,ﾎﾞﾘﾋﾞｱﾀﾐﾝｿﾞｸｺｸ,51
ポルトガル共和国,portugal,52164,ﾎﾟﾙﾄｶﾞﾙｷｮｳﾜｺｸ,52
香港,hongkong,48165,ﾎﾝｺﾝ,48
ホンジュラス共和国,honduras,51166,ﾎﾝｼﾞｭﾗｽｷｮｳﾜｺｸ,51
マカオ,macau,48167,ﾏｶｵ,48
マーシャル諸島共和国,marshallislands,49168,ﾏｰｼｬﾙｼｮﾄｳｷｮｳﾜｺｸ,49
マダガスカル共和国,madagascar,54169,ﾏﾀﾞｶﾞｽｶﾙｷｮｳﾜｺｸ,54
マラウイ共和国,malawi,54170,ﾏﾗｳｲｷｮｳﾜｺｸ,54
マリ共和国,mali,54171,ﾏﾘｷｮｳﾜｺｸ,54
マルタ共和国,malta,52172,ﾏﾙﾀｷｮｳﾜｺｸ,52
マレーシア,malaysia,48173,ﾏﾚｰｼｱ,48
ミクロネシア連邦,micronesia,49174,ﾐｸﾛﾈｼｱﾚﾝﾎﾟｳ,49
南アフリカ共和国,southafrica,54175,ﾐﾅﾐｱﾌﾘｶｷｮｳﾜｺｸ,54
南スーダン共和国,southsudan,54176,ﾐﾅﾐｽｰﾀﾞﾝｷｮｳﾜｺｸ,54
ミャンマー連邦共和国,myanmar,48177,ﾐｬﾝﾏｰﾚﾝﾎﾟｳｷｮｳﾜｺｸ,48
メキシコ合衆国,mexico,51178,ﾒｷｼｺｶﾞｯｼｭｳｺｸ,51
モーリシャス共和国,mauritius,54179,ﾓｰﾘｼｬｽｷｮｳﾜｺｸ,54
モーリタニア・イスラム共和国,mauritania,54180,ﾓｰﾘﾀﾆｱ･ｲｽﾗﾑｷｮｳﾜｺｸ,54
モザンビーク共和国,mozambique,54181,ﾓｻﾞﾝﾋﾞｰｸｷｮｳﾜｺｸ,54
モナコ公国,monaco,52182,ﾓﾅｺｺｳｺｸ,52
モルディブ共和国,maldives,48183,ﾓﾙﾃﾞｨﾌﾞｷｮｳﾜｺｸ,48
モルドバ共和国,moldova,52184,ﾓﾙﾄﾞﾊﾞｷｮｳﾜｺｸ,52
モロッコ王国,morocco,54185,ﾓﾛｯｺｵｳｺｸ,54
モンゴル国,mongolia,48186,ﾓﾝｺﾞﾙｺｸ,48
モンテネグロ,montenegro,52187,ﾓﾝﾃﾈｸﾞﾛ,52
ヨルダン,jordan,53188,ﾖﾙﾀﾞﾝ,53
ラオス人民民主共和国,lao,48189,ﾗｵｽｼﾞﾝﾐﾝﾐﾝｼｭｷｮｳﾜｺｸ,48
ラトビア共和国,latvia,52190,ﾗﾄﾋﾞｱｷｮｳﾜｺｸ,52
リトアニア共和国,lithuania,52191,ﾘﾄｱﾆｱｷｮｳﾜｺｸ,52
リビア,libya,54192,ﾘﾋﾞｱ,54
リヒテンシュタイン公国,liechtenstein,52193,ﾘﾋﾃﾝｼｭﾀｲﾝｺｳｺｸ,52
リベリア共和国,liberia,54194,ﾘﾍﾞﾘｱｷｮｳﾜｺｸ,54
ルーマニア,romania,52195,ﾙｰﾏﾆｱ,52
ルクセンブルク大公国,luxembourg,52196,ﾙｸｾﾝﾌﾞﾙｸﾀﾞｲｺｳｺｸ,52
ルワンダ共和国,rwanda,54197,ﾙﾜﾝﾀﾞｷｮｳﾜｺｸ,54
レソト王国,lesotho,54198,ﾚｿﾄｵｳｺｸ,54
レバノン共和国,lebanon,53199,ﾚﾊﾞﾉﾝｷｮｳﾜｺｸ,53
ロシア連邦,russia,52200,ﾛｼｱﾚﾝﾎﾟｳ,52
